spelling	pronunciation
가게	가ː게
가격	가격
가구	가구
가까이	가까이
가깝다	가깝따
가끔	가끔
가늘다	가늘다
가다	가다
가득	가득
가르치다	가르치다
가리키다	가리키다
가방	가방
가볍다	가볍따
가수	가수
가슴	가슴
가요	가요
가운데	가운데
가위	가위
가을	가을
가장	가장
가져가다	가저가다
가져오다	가저오다
가족	가족
가지	가지
가지다	가지다
각각	각깍
간단하다	간단하다
간단히	간단히
간식	간ː식
간장	간장
간호사	간호사
갈비	갈비
갈비탕	갈비탕
갈색	갈쌕
갈아입다	가라입따
갈아타다	가라타다
감	감ː
감기	감ː기
감기약	감ː기약
감다	감ː따
감사	감ː사
감자	감자
갑자기	갑짜기
값	갑
강	강
강아지	강아지
강하다	강하다
갖다	갇따
같다	갇따
같이	가치
갚다	갑따
개	개ː
개	개
개월	개월
거	거
거기	거기
거리	거리
거리	거ː리
거실	거실
거울	거울
거절	거ː절
거짓말	거ː진말
걱정	걱쩡
건강	건ː강
건너가다	건ː너가다
건너다	건ː너다
건너편	건ː너편
건물	건ː물
걷다	걷ː따
걸다	걸ː다
걸리다	걸리다
걸어가다	거러가다
걸어오다	거러오다
걸음	거름
검사	검사
검은색	거믄색
검정	검정
것	걷
겉	걷
게으르다	게으르다
겨울	겨울
결과	결과
결석	결썩
결심	결씸
결정	결쩡
결혼	결혼
결혼식	결혼식
경기	경ː기
경찰	경ː찰
경찰서	경ː찰써
경치	경치
경험	경험
고개	고개
고기	고기
고등학교	고등학꾜
고등학생	고등학쌩
고르다	고르다
고맙다	고ː맙따
고모	고모
고민	고민
고양이	고양이
고장	고ː장
고추장	고추장
고치다	고치다
고프다	고프다
고향	고향
곧	곧
곳	곧
공	공ː
공무원	공무원
공부	공부
공원	공원
공장	공장
공짜	공짜
공책	공책
공항	공항
공휴일	공휴일
과거	과ː거
과일	과ː일
과자	과자
관광	관광
관광객	관광객
관광지	관광지
관심	관심
광고	광ː고
광주	광주
괜찮다	괜찬타
교사	교ː사
교수	교ː수
교실	교ː실
교육	교ː육
교통	교통
교통비	교통비
교통사고	교통사고
교환	교환
구	구
구경	구ː경
구두	구두
구름	구름
구십	구십
구월	구월
국	국
국내	궁내
국수	국쑤
국적	국쩍
국제	국쩨
군인	구닌
굵다	국ː따
굽다	굽ː따
궁금하다	궁금하다
권	권
귀	귀
귀걸이	귀거리
귀여워하다	귀ː여워하다
귀엽다	귀ː엽따
귀찮다	귀찬타
규칙	규칙
귤	귤
그	그
그곳	그곧
그날	그날
그냥	그냥
그대로	그대로
그동안	그동안
그때	그때
그래	그래
그래서	그래서
그러나	그러나
그러니까	그러니까
그러면	그러면
그러므로	그러므로
그런	그런
그런데	그런데
그럼	그럼
그렇다	그러타
그렇지만	그러치만
그릇	그륻
그리고	그리고
그리다	그ː리다
그림	그ː림
그립다	그립따
그만	그만
그만두다	그만두다
그분	그분
그저께	그저께
그쪽	그쪽
그치다	그치다
극장	극짱
근처	근ː처
글	글
글쎄	글쎄
글쎄요	글쎄요
글씨	글씨
글자	글짜
금방	금방
금요일	그묘일
금지	금ː지
급하다	그파다
기간	기간
기다리다	기다리다
기르다	기르다
기름	기름
기분	기분
기뻐하다	기뻐하다
기쁘다	기쁘다
기쁨	기쁨
기숙사	기숙싸
기억	기억
기억나다	기엉나다
기온	기온
기자	기자
기차	기차
기차역	기차역
기차표	기차표
기침	기침
긴장	긴장
길	길
길다	길ː다
길이	기리
김	김ː
김치	김치
김치찌개	김치찌개
깊다	깁따
깊이	기피
까만색	까만색
까맣다	까ː마타
깎다	깍따
깜짝	깜짝
깨끗이	깨끄시
깨끗하다	깨끄타다
깨다	깨ː다
꺼내다	꺼ː내다
꼭	꼭
꽃	꼳
꽃다발	꼳따발
꽃병	꼳뼝
꽃집	꼳찝
꾸다	꾸다
꿈	꿈
끄다	끄다
끊다	끈타
끓다	끌타
끓이다	끄리다
끝	끋
끝나다	끈나다
끝내다	끈내다
끼다	끼다
나	나
나가다	나가다
나누다	나누다
나다	나다
나라	나라
나머지	나머지
나무	나무
나쁘다	나쁘다
나오다	나오다
나이	나이
나중	나ː중
나타나다	나타나다
나흘	나흘
낚시	낙씨
날	날
날다	날다
날씨	날씨
날씬하다	날씬하다
날짜	날짜
남	남
남기다	남기다
남녀	남녀
남다	남ː따
남대문	남대문
남동생	남동생
남산	남산
남성	남성
남자	남자
남쪽	남쪽
남편	남편
남학생	남학쌩
낫다	낟ː따
낮	낟
낮다	낟따
낮잠	낟짬
내	내
내과	내ː꽈
내년	내년
내다	내ː다
내려가다	내려가다
내려오다	내려오다
내리다	내리다
내용	내ː용
내일	내일
냄비	냄비
냄새	냄ː새
냉면	냉ː면
냉장고	냉ː장고
너무	너무
너희	너히
넓다	널따
넘다	넘ː따
넘어지다	너머지다
넣다	너ː타
네	네
네	네ː
넷	넫ː
넷째	넫ː째
년	년
노란색	노란색
노랗다	노ː라타
노래	노래
노래방	노래방
노력	노력
노인	노ː인
녹색	녹쌕
녹차	녹차
놀다	놀ː다
놀라다	놀ː라다
놀이	노리
농구	농구
농담	농ː담
높다	놉따
높이	노피
놓다	노타
누나	누ː나
누르다	누ː르다
눈	눈
눈	눈ː
눈물	눈물
눕다	눕ː따
느끼다	느끼다
느낌	느낌
느리다	느리다
늘	늘
늘다	늘다
늙다	늑따
능력	능녁
늦다	늗따
다	다ː
다녀오다	다녀오다
다니다	다니다
다르다	다르다
다른	다른
다리	다리
다섯	다섣
다섯째	다섣째
다시	다시
다음	다음
다음날	다음날
다치다	다치다
다하다	다ː하다
닦다	닥따
단순	단순
단어	다너
단추	단추
단풍	단풍
닫다	닫따
달	달
달걀	달걀
달다	달다
달력	달력
달리기	달리기
달리다	달리다
닭	닥
닭고기	닥꼬기
닮다	담ː따
담배	담ː배
답	답
답답하다	답따파다
답장	답짱
대	대
대구	대구
대답	대ː답
대부분	대ː부분
대사관	대ː사관
대전	대전
대학	대ː학
대학교	대ː학꾜
대학생	대ː학쌩
대학원	대ː하권
대화	대ː화
댁	댁
더	더
더럽다	더ː럽따
더욱	더욱
덕분	덕뿐
던지다	던지다
덥다	덥ː따
데려가다	데려가다
데려오다	데려오다
도	도ː
도로	도ː로
도서관	도서관
도시	도시
도와주다	도와주다
도움	도움
도착	도ː착
독서	독써
독일	도길
돈	돈ː
돌	돌ː
돌다	돌ː다
돌려주다	돌려주다
돌리다	돌리다
돌아가다	도라가다
돌아오다	도라오다
돕다	돕ː따
동네	동ː네
동대문	동대문
동물	동ː물
동물원	동ː무뤈
동생	동생
동시	동시
동안	동안
동전	동전
동쪽	동쪽
돼지	돼ː지
돼지고기	돼ː지고기
두	두ː
두껍다	두껍따
두다	두다
두부	두부
두세	두세
두통	두통
둘	둘ː
둘째	둘ː째
뒤	뒤ː
뒤쪽	뒤ː쪽
드디어	드디어
드리다	드리다
듣다	듣따
들다	들다
들르다	들르다
들리다	들리다
들어가다	드러가다
들어오다	드러오다
등	등
등산	등산
따뜻하다	따뜨타다
따로	따로
딸	딸
딸기	딸ː기
땀	땀
땅	땅
때	때
떠나다	떠나다
떠들다	떠ː들다
떡	떡
떡국	떡꾹
떡볶이	떡뽀끼
떨어지다	떠러지다
또	또
또는	또는
똑같다	똑깓따
똑같이	똑까치
똑똑하다	똑또카다
똑바로	똑빠로
뚱뚱하다	뚱뚱하다
뛰다	뛰다
뜨겁다	뜨겁따
뜨다	뜨다
뜻	뜯
마당	마당
마르다	마르다
마리	마리
마시다	마시다
마을	마을
마음	마음
마중	마중
마지막	마지막
마치다	마치다
마흔	마흔
막걸리	막껄리
막히다	마키다
만	만ː
만나다	만나다
만두	만두
만들다	만들다
만약	마ː냑
만일	마ː닐
만지다	만지다
만화	만ː화
많다	만ː타
많이	마ː니
말	말ː
말	말
말다	말ː다
말씀	말ː씀
맑다	막따
맛	맏
맛없다	마덥따
맞다	맏따
맞추다	맏추다
매년	매ː년
매다	매ː다
매달	매ː달
매우	매우
매일	매ː일
매주	매ː주
매표소	매ː표소
맥주	맥쭈
맵다	맵따
머리	머리
머리카락	머리카락
먹다	먹따
먼저	먼저
멀다	멀ː다
멀리	멀ː리
멈추다	멈추다
멋	먿
메다	메ː다
며칠	며칠
명	명
명절	명절
몇	멷
모기	모ː기
모두	모두
모든	모ː든
모레	모ː레
모르다	모ː르다
모습	모습
모시다	모ː시다
모양	모양
모으다	모으다
모이다	모이다
모임	모임
모자	모자
모자라다	모ː자라다
목	목
목걸이	목꺼리
목도리	목또리
목소리	목쏘리
목요일	모교일
목욕	모굑
목욕탕	모굑탕
목적	목쩍
몸	몸
못	몯ː
못생기다	몯ː쌩기다
못하다	모ː타다
무	무ː
무겁다	무겁따
무게	무게
무궁화	무궁화
무료	무료
무릎	무릅
무섭다	무섭따
무슨	무슨
무엇	무얻
무척	무척
문	문
문제	문ː제
문화	문화
묻다	묻ː따
물	물
물건	물건
물고기	물꼬기
물론	물론
물어보다	무러보다
뭐	뭐ː
미국	미국
미끄러지다	미끄러지다
미래	미ː래
미리	미리
미술관	미ː술관
미안	미안
미역국	미역꾹
미용실	미ː용실
믿다	믿따
밀가루	밀까루
밀다	밀ː다
밑	믿
바깥	바깓
바깥쪽	바깓쪽
바꾸다	바꾸다
바뀌다	바뀌다
바다	바다
바닥	바닥
바라다	바라다
바라보다	바라보다
바람	바람
바로	바로
바르다	바르다
바쁘다	바쁘다
바지	바지
박물관	방물관
박수	박쑤
밖	박
반	반ː
반	반
반갑다	반갑따
반대	반ː대
반드시	반드시
반바지	반ː바지
반지	반지
반찬	반찬
받다	받따
받아쓰다	바다쓰다
발	발
발가락	발까락
발바닥	발빠닥
밝다	박따
밤	밤
밥	밥
방	방
방금	방금
방문	방문
방문	방ː문
방법	방법
방송	방ː송
방송국	방ː송국
방학	방ː학
방향	방향
배	배
배달	배ː달
배우	배우
배우다	배우다
배추	배ː추
배탈	배탈
백	백
백만	뱅만
백화점	배콰점
뱀	뱀ː
버릇	버륻
버리다	버리다
번	번
번째	번째
번호	번호
벌다	벌ː다
벌써	벌써
벗다	벋따
벽	벽
변하다	변ː하다
변호사	변ː호사
별	별ː
별로	별로
병	병ː
병	병
병문안	병ː무난
병원	병ː원
보내다	보내다
보다	보다
보라색	보라색
보이다	보이다
보통	보ː통
복습	복씁
복잡하다	복짜파다
볶다	복따
볶음밥	보끔밥
봄	봄
봉투	봉투
부끄럽다	부끄럽따
부드럽다	부드럽따
부럽다	부럽따
부르다	부르다
부모님	부모님
부부	부부
부분	부분
부산	부산
부엌	부억
부인	부인
부자	부ː자
부장	부장
부족	부족
부지런하다	부지런하다
부치다	부치다
부탁	부ː탁
북쪽	북쪽
분	분
분명하다	분명하다
분식	분식
분위기	부뉘기
분홍색	분ː홍색
불	불
불고기	불고기
불다	불ː다
불쌍하다	불쌍하다
불안	부란
불편	불편
붉다	북따
붙다	붇따
붙이다	부치다
비	비
비교	비ː교
비누	비누
비다	비ː다
비밀	비ː밀
비빔밥	비빔빱
비슷하다	비스타다
비싸다	비싸다
비행기	비행기
빌리다	빌리다
빠르다	빠르다
빠지다	빠ː지다
빨간색	빨간색
빨갛다	빨ː가타
빨다	빨다
빨래	빨래
빨리	빨리
빵	빵
빵집	빵찝
빼다	빼ː다
뽑다	뽑따
사	사ː
사거리	사ː거리
사고	사ː고
사과	사과
사귀다	사귀다
사다	사다
사람	사ː람
사랑	사랑
사무실	사ː무실
사실	사ː실
사십	사ː십
사업	사ː업
사용	사ː용
사월	사ː월
사이	사이
사장	사장
사전	사전
사진	사진
사탕	사탕
사흘	사흘
산	산
산책	산ː책
살	살
살다	살ː다
삼	삼
삼거리	삼거리
삼겹살	삼겹쌀
삼십	삼십
삼월	사뭘
삼촌	삼촌
상	상
상자	상자
상처	상처
상추	상추
상품	상품
새	새ː
새	새
새로	새로
새롭다	새롭따
새벽	새벽
새해	새해
색	색
색깔	색깔
생각	생각
생각나다	생강나다
생기다	생기다
생선	생선
생신	생신
생일	생일
생활	생활
서너	서너
서다	서다
서두르다	서두르다
서랍	서랍
서로	서로
서류	서류
서른	서른
서양	서양
서울	서울
서점	서점
서쪽	서쪽
섞다	석따
선물	선ː물
선배	선배
선생님	선생님
선선하다	선선하다
선수	선ː수
선택	선ː택
선풍기	선풍기
설거지	설거지
설날	설ː랄
설렁탕	설렁탕
설명	설명
설탕	설탕
섬	섬ː
섭섭하다	섭써파다
성	성ː
성격	성ː껵
성공	성공
성적	성적
성함	성ː함
세	세ː
세다	세ː다
세배	세ː배
세상	세ː상
세수	세ː수
세우다	세우다
세탁	세ː탁
세탁기	세ː탁끼
세탁소	세ː탁쏘
셋	섿ː
셋째	섿ː째
소	소
소개	소개
소고기	소고기
소금	소금
소리	소리
소설	소ː설
소식	소식
소주	소주
소중하다	소ː중하다
소포	소ː포
소풍	소풍
소화제	소화제
속	속ː
속도	속또
속옷	소ː곧
손	손
손가락	손까락
손녀	손녀
손님	손님
손바닥	손빠닥
손수건	손쑤건
송편	송편
수	수ː
수건	수ː건
수고	수ː고
수박	수ː박
수술	수술
수업	수업
수영	수영
수영복	수영복
수영장	수영장
수요일	수요일
수저	수저
수첩	수첩
숙제	숙쩨
순두부찌개	순두부찌개
순서	순ː서
숟가락	숟까락
술	술
술집	술찝
쉬다	쉬ː다
쉰	쉰ː
쉽다	쉽ː따
스무	스무
스물	스물
스스로	스스로
슬퍼하다	슬퍼하다
슬프다	슬프다
슬픔	슬픔
습관	습꽌
시	시ː
시	시
시간	시간
시간표	시간표
시골	시골
시끄럽다	시끄럽따
시내	시ː내
시다	시다
시민	시ː민
시어머니	시어머니
시원하다	시원하다
시월	시월
시작	시ː작
시장	시ː장
시청	시ː청
시키다	시키다
시험	시험
식구	식꾸
식다	식따
식당	식땅
식빵	식빵
식사	식싸
식초	식초
식탁	식탁
식품	식품
신다	신ː따
신랑	실랑
신문	신문
신발	신발
신부	신부
신분증	신분쯩
신선하다	신선하다
신청	신청
신호	신ː호
신호등	신ː호등
신혼여행	신혼녀행
싣다	싣ː따
실례	실례
실수	실쑤
실패	실패
싫다	실타
싫어하다	시러하다
심다	심ː따
심심하다	심심하다
심하다	심ː하다
십	십
십만	심만
십이월	시비월
십일월	시비뤌
싱겁다	싱겁따
싸다	싸다
싸우다	싸우다
쌀	쌀
쌀쌀하다	쌀쌀하다
쌓다	싸타
썰다	썰ː다
쓰다	쓰다
쓰레기	쓰레기
쓰레기통	쓰레기통
씨	씨
씹다	씹따
씻다	씯따
아	아
아가씨	아가씨
아기	아기
아까	아까
아내	아내
아니	아니
아니다	아니다
아니요	아니요
아들	아들
아래	아래
아래쪽	아래쪽
아름답다	아름답따
아마	아마
아무	아ː무
아무것	아ː무걷
아무리	아ː무리
아버님	아버님
아버지	아버지
아빠	아빠
아이	아이
아저씨	아저씨
아주	아주
아주머니	아주머니
아줌마	아줌마
아직	아직
아침	아침
아프다	아프다
아홉	아홉
아흔	아흔
악기	악끼
안	안
안개	안ː개
안경	안ː경
안내	안ː내
안내문	안ː내문
안녕	안녕
안녕히	안녕히
안다	안ː따
안전	안전
안쪽	안쪽
앉다	안따
알다	알ː다
알리다	알리다
알맞다	알ː맏따
알아보다	아라보다
앞	압
앞쪽	압쪽
애	애ː
애인	애ː인
야	야ː
야구	야ː구 
야채	야ː채
약	약
약간	약깐
약국	약꾹
약사	약싸
약속	약쏙
약하다	야카다
얇다	얄ː따
양말	양말
양복	양복
양식	양식
양치질	양치질
얘기	얘ː기
어	어
어깨	어깨
어느	어느
어둡다	어둡따
어디	어디
어떠하다	어떠하다
어떤	어떤
어떻다	어떠타
어렵다	어렵따
어른	어ː른
어리다	어리다
어린아이	어리나이
어린이	어리니
어머니	어머니
어머님	어머님
어서	어서
어울리다	어울리다
어제	어제
억	억
언니	언니
언어	어너
언제	언ː제
언제나	언ː제나
얻다	얻ː따
얼굴	얼굴
얼다	얼ː다
얼마	얼마
얼마나	얼마나
얼음	어름
엄마	엄마
없다	업ː따
엉덩이	엉ː덩이
여권	여꿘
여기	여기
여기저기	여기저기
여덟	여덜
여동생	여동생
여든	여든
여러	여러
여러분	여러분
여름	여름
여보세요	여보세요
여섯	여섣
여성	여성
여자	여자
여쭙다	여ː쭙따
여학생	여학쌩
여행	여행
여행사	여행사
여행지	여행지
역	역
역사	역싸
역시	역씨
연결	연결
연극	연ː극
연락	열락
연락처	열락처
연말	연말
연세	연세
연습	연ː습
연예인	여ː녜인
연필	연필
연휴	연휴
열	열ː
열	열
열다	열ː다
열리다	열리다
열심히	열씸히
열차	열차
열흘	열흘
엽서	엽써
영	영
영국	영국
영수증	영수증
영어	영어
영하	영하
영화	영화
영화관	영화관
영화배우	영화배우
옆	엽
옆집	엽찝
예	예ː
예매	예ː매
예쁘다	예ː쁘다
예순	예순
예술	예ː술
예습	예ː습
예약	예ː약
옛	옏ː
옛날	옌ː날
오	오ː
오늘	오늘
오다	오다
오래	오래
오래간만	오래간만
오랜만	오랜만
오르다	오르다
오른손	오른손
오른쪽	오른쪽
오빠	오빠
오십	오ː십
오월	오ː월
오이	오이
오전	오ː전
오후	오ː후
온도	온도
올라가다	올라가다
올라오다	올라오다
올리다	올리다
올림	올림
올해	올해
옳다	올타
옷	옫
옷걸이	옫꺼리
옷장	옫짱
와	와
완전히	완전히
왕	왕
왜	왜ː
왜냐하면	왜냐하면
요금	요ː금
요리	요리
요리사	요리사
요일	요일
요즘	요즘
우리	우리
우리나라	우리나라
우산	우ː산
우선	우선
우유	우유
우체국	우체국
우표	우표
운동	운ː동
운동복	운ː동복
운동장	운ː동장
운동화	운ː동화
운전	운ː전
운전사	운ː전사
울다	울ː다
울산	울싼
울음	우름
움직이다	움지기다
웃다	욷ː따
웃음	우슴
원	원
원하다	원ː하다
월	월
월급	월급
월요일	워료일
위	위
위쪽	위쪽
위치	위치
위험	위험
유리	유리
유명	유ː명
유월	유월
유치원	유치원
유학	유학
유학생	유학쌩
유행	유행
육	육
육교	육꾜
육십	육씹
윷놀이	윤ː노리
은행	은행
음	음
음료	음ː뇨
음료수	음ː뇨수
음식	음ː식
음식점	음ː식쩜
음악	으막
음악가	으막까
응	응
의미	의ː미
의사	의사
의자	의자
이	이
이	이ː
이거	이거
이것	이걷
이곳	이곧
이기다	이기다
이날	이날
이따가	이따가
이때	이때
이런	이런
이렇다	이러타
이르다	이르다
이름	이름
이마	이마
이모	이모
이미	이ː미
이번	이번
이분	이분
이불	이불
이사	이사
이상	이ː상
이십	이ː십
이야기	이야기
이용	이ː용
이웃	이욷
이월	이ː월
이유	이ː유
이전	이ː전
이제	이제
이쪽	이쪽
이틀	이틀
이해	이ː해
이후	이ː후
익다	익따
익숙하다	익쑤카다
인기	인끼
인분	인분
인사	인사
인삼	인삼
인천	인천
인형	인형
일	일ː
일	일
일곱	일곱
일기	일기
일본	일본
일부	일부
일식	일씩
일식집	일씩찝
일어나다	이러나다
일어서다	이러서다
일요일	이료일
일월	이뤌
일주일	일쭈일
일찍	일찍
일흔	일흔
읽다	익따
잃다	일타
잃어버리다	이러버리다
입	입
입구	입꾸
입다	입따
입술	입쑬
입원	이붠
입장권	입짱꿘
입학	이팍
있다	읻따
잊다	읻따
잊어버리다	이저버리다
잎	입
자기소개	자기소개
자꾸	자꾸
자다	자다
자동차	자동차
자동판매기	자동판매기
자라다	자라다
자랑	자랑
자르다	자르다
자리	자리
자세히	자세히
자식	자식
자신	자신
자연	자연
자유	자유
자전거	자전거
자주	자주
자판기	자판기
작년	장년
작다	작ː따
잔	잔
잔치	잔치
잘	잘
잘못	잘몯
잘못하다	잘모타다
잘생기다	잘생기다
잘하다	잘하다
잠	잠
잠깐	잠깐
잠시	잠ː시
잠자다	잠자다
잡다	잡따
잡수시다	잡쑤시다
잡지	잡찌
잡채	잡채
장	장
장갑	장ː갑
장난감	장난깜
장마	장마
장미	장미
장소	장소
재료	재료
재미	재미
재미없다	재미업따
재미있다	재미읻따
재채기	재채기
저	저
저	저ː
저거	저거
저것	저걷
저곳	저곧
저금	저ː금
저기	저기
저녁	저녁
저런	저런
저렇다	저러타
저번	저ː번
저분	저분
저쪽	저쪽
저희	저히
적다	적따
적다	적ː따
적당하다	적땅하다
전	전
전공	전공
전기	전ː기
전부	전부
전철	전ː철
전체	전체
전하다	전하다
전혀	전혀
전화	전ː화
전화기	전ː화기
전화번호	전ː화번호
젊다	점ː따
점심	점ː심
점심시간	점ː심씨간
점점	점ː점
접다	접따
접시	접씨
정거장	정거장
정도	정도
정류장	정뉴장
정리	정ː니
정말	정ː말
정문	정ː문
정원	정원
정하다	정ː하다
정확	정ː확
젖다	젇따
제	제
제목	제목
제일	제ː일
제주도	제ː주도
조금	조금
조금씩	조금씩
조심	조ː심
조용하다	조용하다
조용히	조용히
조카	조카
졸다	졸ː다
졸업	졸업
좀	좀
좁다	좁따
종류	종ː뉴
종업원	종어붠
종이	종이
좋다	조ː타
좋아하다	조ː아하다
주	주
주다	주다
주로	주로
주말	주말
주머니	주머니
주무시다	주무시다
주문	주ː문
주변	주변
주부	주부
주사	주ː사
주소	주ː소
주위	주위
주인	주인
주일	주일
주차	주ː차
주차장	주ː차장
주황색	주황색
죽다	죽따
준비	준ː비
줄	줄
줄다	줄ː다
줄이다	주리다
줍다	줍ː따
중	중
중간	중간
중국	중국
중국집	중국찝
중심	중심
중앙	중앙
중요	중ː요
중학교	중학꾜
중학생	중학쌩
즐거워하다	즐거워하다
즐겁다	즐겁따
즐기다	즐기다
지각	지각
지갑	지갑
지금	지금
지나가다	지나가다
지나다	지나다
지난달	지난달
지난번	지난번
지난주	지난주
지난해	지난해
지내다	지ː내다
지다	지다
지도	지도
지루하다	지루하다
지르다	지르다
지방	지방
지우개	지우개
지우다	지우다
지키다	지키다
지하	지하
지하도	지하도
지하철	지하철
지하철역	지하철력
직업	지겁
직원	지권
직장	직짱
직접	직쩝
진짜	진짜
진하다	진하다
질문	질문
짐	짐
집	집
집들이	집뜨리
집안일	지반닐
짓다	짇ː따
짜다	짜다
짜증	짜증
짝	짝
짧다	짤따
쪽	쪽
찌개	찌개
찌다	찌다
찍다	찍따
차	차
차갑다	차갑따
차다	차다
차례	차례
착하다	차카다
찬물	찬물
참	참
참다	참ː따
창문	창문
찾다	찯따
찾아가다	차자가다
찾아보다	차자보다
찾아오다	차자오다
채소	채ː소
책	책
책상	책쌍
책장	책짱
처음	처음
천	천
천만	천만
천천히	천ː천히
첫	첟
첫날	천날
첫째	첫째
첫째	첟째
청년	청년
청바지	청바지
청소	청소
청소년	청소년
체육관	체육꽌
쳐다보다	처ː다보다
초	초
초대	초대
초대장	초대짱
초등학교	초등학꾜
초등학생	초등학쌩
초록색	초록쌕
추다	추다
추석	추석
축구	축꾸
축구공	축꾸공
축하	추카
출구	출구
출근	출근
출발	출발
출석	출썩
출입	추립
출입국	추립꾹
출장	출짱
춤	춤
춤추다	춤추다
춥다	춥따
충분하다	충분하다
취미	취ː미
취소	취ː소
취직	취ː직
층	층
치과	치꽈
치다	치다
치료	치료
치마	치마
치약	치약
친구	친구
친절	친절
친척	친척
친하다	친하다
칠	칠
칠십	칠씹
칠월	치뤌
칠판	칠판
침대	침ː대
침실	침ː실
칭찬	칭찬
칼	칼
칼국수	칼국쑤
켜다	켜다
켤레	켤레
코	코
코끼리	코끼리
콧물	콘물
콩	콩
크기	크기
크다	크다
큰소리	큰소리
키	키
키우다	키우다
타다	타다
탁구	탁꾸
탕수육	탕수육
태국	태국
태권도	태꿘도
태극기	태극끼
태도	태ː도
태어나다	태어나다
태풍	태풍
택배	택빼
토끼	토끼
토요일	토요일
통장	통장
통화	통화
튀기다	튀기다
튀김	튀김
특별하다	특뼐하다
특별히	특뼐히
특히	트키
튼튼하다	튼튼하다
틀다	틀다
틀리다	틀리다
파란색	파란색
파랗다	파ː라타
팔	팔
팔다	팔다
팔리다	팔리다
팔십	팔씹
팔월	파뤌
펴다	펴다
편리	펼리
편안	펴난
편지	편ː지
편찮다	편찬타
편하다	편하다
평소	평소
평일	평일
포도	포도
포장	포장
표	표
푸르다	푸르다
푹	푹
풀다	풀다
풍경	풍경
피	피
피곤	피곤
피다	피다
피우다	피우다
필요	피료
필통	필통
하나	하나
하늘	하늘
하늘색	하늘쌕
하다	하다
하루	하루
하숙비	하ː숙삐
하숙집	하ː숙찝
하얀색	하얀색
하얗다	하ː야타
하지만	하지만
학교	학꾜
학기	학끼
학년	항년
학생	학쌩
학생증	학쌩쯩
학원	하권
한	한
한가하다	한가하다
한강	한ː강
한국	한ː국
한글	한ː글
한두	한두
한번	한번
한복	한ː복
한식	한ː식
한식집	한ː식찝
한옥	하ː녹
한잔	한잔
한턱	한턱
할머니	할머니
할아버지	할아버지
할인	하린
함께	함께
항공	항ː공
항공권	항ː공꿘
항상	항상
해	해
해마다	해마다
행동	행동
행복	행ː복
행사	행사
허리	허리
헤어지다	헤어지다
혀	혀
현금	현ː금
현재	현ː재
형	형
형제	형제
호	호ː
호랑이	호ː랑이
호수	호수
혹시	혹씨
혼자	혼자
홍차	홍차
화	화ː
화가	화ː가
화나다	화ː나다
화내다	화ː내다
화려하다	화려하다
화요일	화요일
화장실	화장실
화장품	화장품
환영	화녕
환자	환ː자
환전	환ː전
후	후ː
후배	후ː배
훌륭하다	훌륭하다
훨씬	훨씬
휴가	휴가
휴게실	휴게실
휴일	휴일
휴지	휴지
휴지통	휴지통
흐르다	흐르다
흐리다	흐리다
흔들다	흔들다
흘리다	흘리다
희망	히망
흰색	힌색
힘	힘
힘들다	힘들다
가꾸다	가꾸다
가난	가난
가능	가ː능
가능성	가ː능썽
가득하다	가드카다 
가득히	가드키
가라앉다	가라안따
가렵다	가렵따
가로	가로
가로등	가로등
가로막다	가로막따
가루	가루
가르다	가르다
가리다	가리다
가만	가만
가만있다	가마닏따
가만히	가만히
가뭄	가뭄
가사	가사
가습기	가습끼
가입	가입
가입자	가입짜
가전제품	가전제품
가정	가정
가정	가ː정
가정주부	가정주부
가져다주다	가저다주다
가죽	가죽
가짜	가ː짜
가치	가치
가치관	가치관
각	각
각국	각꾹
각오	가고
각자	각짜
각종	각쫑
간	간
간	간ː
간격	간격
간섭	간섭
간신히	간신히
간절하다	간ː절하다
간접적	간ː접쩍
간지럽다	간지럽따
간판	간판
간편하다	간편하다
간호	간호
간혹	간ː혹
갇히다	가치다
갈다	갈다
갈등	갈뜽
갈라지다	갈라지다
갈수록	갈쑤록
갈증	갈쯩
감각	감ː각
감독	감독
감동	감ː동
감동적	감ː동적
감상	감상
감상문	감ː상문
감소	감ː소
감시	감시
감싸다	감ː싸다
감옥	가목
감정	감ː정
감추다	감추다
감히	감ː히
갑작스럽다	갑짝쓰럽따
값싸다	갑싸다
강도	강ː도
강물	강물
강사	강ː사
강수량	강ː수량
강요	강ː요
강제	강ː제
강조	강조
갖가지	갇까지
갖추다	갇추다
개구리	개구리
개나리	개ː나리
개념	개ː념
개다	개ː다
개미	개ː미
개발	개발
개방	개방
개별	개ː별
개선	개ː선
개성	개ː성
개인	개ː인
개인적	개ː인적
개혁	개ː혁
객관적	객꽌적
거꾸로	거꾸로
거대	거ː대
거두다	거두다
거들다	거ː들다
거래	거ː래
거래처	거ː래처
거미	거미
거북이	거부기
거스름돈	거스름똔
거지	거ː지
거짓	거ː짇
거치다	거치다
거칠다	거칠다
거품	거품
걱정스럽다	걱쩡스럽따
건너	건ː너
건널목	건ː널목
건네다	건ː네다
건네주다	건ː네주다
건드리다	건ː드리다
건설	건ː설
건전지	건전지
건조	건조
건지다	건지다
건축	건ː축
걷다	걷따
걸레	걸레
걸치다	걸ː치다
검다	검ː따
검사	검ː사
검색	검ː색
검토	검ː토
겁	겁
겁나다	검나다
겉모습	건모습
겉옷	거돋
게	게ː
게다가	게다가
게시	게ː시
게시판	게ː시판
겨우	겨우
겨울철	겨울철
격려	경녀
겪다	격따
견디다	견디다
견학	견ː학
견해	견ː해
결국	결국
결근	결근
결론	결론
결승	결씅
결제	결쩨
결코	결코
결합	결합
결혼식장	결혼식짱
겸손	겸손
겹치다	겹치다
경고	경ː고
경기	경기
경기장	경ː기장
경력	경녁
경복궁	경ː복꿍
경비	경비
경비실	경ː비실
경영	경영
경우	경우
경쟁	경ː쟁
경쟁력	경ː쟁녁
경제	경제
경제력	경제력
경제적	경제적
경찰관	경ː찰관
경향	경향
곁	겯
고객	고객
고구마	고ː구마
고국	고ː국
고궁	고ː궁
고급	고급
고급스럽다	고급쓰럽따
고대	고ː대
고독	고독
고등	고등
고등어	고등어
고래	고래
고려	고려
고마워하다	고ː마워하다
고무	고무
고백	고ː백
고생	고생
고소하다	고소하다
고속	고속
고요	고요
고유	고유
고장	고장
고전	고ː전
고정	고정
고집	고집
고추	고추
고층	고층
고통	고통
고통스럽다	고통스럽따
곡	곡
곡식	곡씩
곤란	골ː란
곧다	곧따
곧바로	곧빠로
곧이어	고디어
곧잘	곧짤
곧장	곧짱
골고루	골고루
골다	골ː다
골목	골ː목
골목길	골ː목낄
곰	곰ː
곱다	곱ː따
곱하다	고파다
곳곳	곧꼳
공	공
공간	공간
공감	공ː감
공개	공개
공격	공ː격
공공	공공
공공장소	공공장소
공과금	공과금
공급	공ː급
공기	공기
공동	공ː동
공동체	공ː동체
공사	공사
공손하다	공손하다
공식	공식
공업	공업
공연	공연
공연장	공연장
공적	공쩍
공주	공주
공중전화	공중전화
공지	공지
공통	공ː통
공통점	공ː통쩜
공포	공ː포
공해	공해
과	과
과로	과ː로
과목	과목
과소비	과ː소비
과속	과ː속
과식	과ː식
과연	과연
과장	과ː장
과장	과장
과정	과ː정
과제	과제
과학	과학
과학자	과학짜
과학적	과학쩍
관객	관객
관람	괄람
관람객	괄람객
관련	괄련
관리	괄리
관심사	관심사
관점	관쩜
관찰	관찰
광경	광경
괜히	괜ː히
교내	교ː내
교대	교대
교류	교류
교복	교ː복
교시	교ː시
교양	교ː양
교육비	교ː육삐
교육자	교ː육짜
교장	교ː장
교재	교ː재
교체	교체
교통수단	교통수단
교통편	교통편
교포	교포
교훈	교ː훈
구경거리	구ː경꺼리
구르다	구르다
구매	구매
구멍	구멍
구별	구별
구부리다	구부리다
구분	구분
구석	구석
구성	구성
구세대	구ː세대
구속	구속
구수하다	구수하다
구역	구역
구입	구입
구조	구ː조
구조	구조
구체적	구체적
구하다	구하다
구하다	구ː하다
국가	국까
국경일	국꼉일
국기	국끼
국내선	궁내선
국립	궁닙
국물	궁물
국민	궁민
국산	국싼
국어	구거
국제결혼	국쩨결혼
국제선	국쩨선
국제화	국쩨화
국화	구콰
군	군ː
군대	군대
군데	군데
군사	군사
굳다	굳따
굳어지다	구더지다
굳이	구지
굴	굴ː
굶다	굼ː따
굽	굽
굽히다	구피다
권력	궐력
권리	궐리
권위	궈뉘
권유	궈ː뉴
권하다	권ː하다
귀가	귀ː가
귀국	귀ː국
귀신	귀ː신
귀중하다	귀ː중하다
귀하	귀ː하
귀하다	귀ː하다
규모	규모
규정	규정
규칙적	규칙쩍
균형	균형
그나마	그나마
그네	그ː네
그녀	그녀
그늘	그늘
그다지	그다지
그대	그대
그러게	그러게
그러다	그러다
그럭저럭	그럭쩌럭
그런대로	그런대로
그렇지	그러치
그리	그리
그리움	그리움
그림자	그ː림자
그림책	그ː림책
그만큼	그만큼
그만하다	그만하다
그야말로	그야말로
그저	그저
그제	그제
그제야	그제야
그중	그중
그토록	그토록
극복	극뽁
극히	그키
근거	근거
근교	근ː교
근대	근ː대
근데	근데
근래	글ː래
근로자	글ː로자
근무	근ː무
근본	근본
근본적	근본적
근심	근심
근육	그뉵
긁다	극따
금	금
금년	금년
금액	그맥
금연	그ː면
금하다	금ː하다
급격히	급껴키
급속히	급쏘키
급증	급쯩
급히	그피
긋다	귿ː따
긍정적	긍ː정적
기관	기관
기구	기구
기념	기념
기념일	기녀밀
기념품	기념품
기능	기능
기다	기다
기대	기대
기대다	기ː대다
기도	기도
기독교	기독꾜
기둥	기둥
기록	기록
기말시험	기말시험
기반	기반
기본	기본
기본적	기본적
기부	기부
기사	기사
기술	기술
기술자	기술짜
기억력	기엉녁
기업	기업
기업가	기업까
기여	기여
기운	기운
기울다	기울다
기울이다	기우리다
기원	기원
기적	기적
기존	기존
기준	기준
기지개	기ː지개
기초	기초
기타	기타
기혼	기혼
기후	기후
긴급	긴급
긴팔	긴ː팔
길가	길까
길거리	길꺼리
까다	까다
까다롭다	까ː다롭따
까닭	까닥
까먹다	까먹따
깔끔하다	깔끔하다
깔다	깔다
깔리다	깔리다
깜깜하다	깜깜하다
깜박하다	깜바카다
깜빡	깜빡
깨	깨
깨다	깨다
깨닫다	깨닫따
깨뜨리다	깨뜨리다
깨물다	깨물다
깨어나다	깨어나다
깨우다	깨우다
깨지다	깨ː지다
꺼지다	꺼지다
꺾다	꺽따
껍질	껍찔
껴안다	껴안따
꼬리	꼬리
꼭대기	꼭때기
꼼꼼하다	꼼꼼하다
꼼꼼히	꼼꼼히
꼼짝	꼼짝
꼽다	꼽따
꼽히다	꼬피다
꽂다	꼳따
꽂히다	꼬치다
꽃꽂이	꼳꼬지
꽃무늬	꼰무니
꽃잎	꼰닙
꽉	꽉
꽤	꽤
꾸리다	꾸리다
꾸미다	꾸미다
꾸준하다	꾸준하다
꾸준히	꾸준히
꾸중	꾸중
꿀	꿀
꿇다	꿀타
꿈꾸다	꿈꾸다
꿈속	꿈쏙
끄덕이다	끄더기다
끈	끈
끊기다	끈키다
끊어지다	끄너지다
끊임없다	끄니멉따
끊임없이	끄니멉씨
끌다	끌ː다
끌리다	끌ː리다
끌어당기다	끄ː러당기다
끌어안다	끄ː러안따
끝내	끈내
끝없다	끄덥따
끝없이	끄덥씨
끼	끼
끼다	끼ː다
끼우다	끼우다
끼이다	끼이다
끼치다	끼치다
나뉘다	나뉘다
나란히	나란히
나르다	나르다
나름	나름
나무라다	나무라다
나물	나물
나뭇잎	나문닙
나비	나비
나빠지다	나빠지다
나서다	나서다
나아가다	나아가다
나아지다	나아지다
나타내다	나타내다
낙엽	나겹
난로	날ː로
난리	날ː리
난방	난방
난처하다	난ː처하다
날개	날개
날리다	날리다
날아가다	나라가다
날아다니다	나라다니다
날아오다	나라오다
날카롭다	날카롭따
낡다	낙따
남매	남매
남미	남미
남부	남부
남북	남북
낭비	낭ː비
낮추다	낟추다
낯설다	낟썰다
낳다	나ː타
내	내ː
내내	내ː내
내놓다	내ː노타
내다보다	내ː다보다
내달	내ː달
내려놓다	내려노타
내려다보다	내려다보다
내려앉다	내려안따
내밀다	내ː밀다
내버리다	내ː버리다
내보내다	내ː보내다
내부	내ː부
내성적	내ː성적
내세우다	내ː세우다
내주다	내ː주다
내쫓다	내ː쫃따
내후년	내후년
낼모레	낼ː모레
냉동	냉ː동
냉방	냉ː방
냉수	냉ː수
냉정하다	냉ː정하다
너그럽다	너그럽따
너머	너머
너무나	너무나
넉넉하다	넝너카다
널다	널ː다
널리	널리
넓어지다	널버지다
넓이	널비
넓히다	널피다
넘겨주다	넘겨주다
넘기다	넘기다
넘어가다	너머가다
넘어뜨리다	너머뜨리다
넘어서다	너머서다
넘어오다	너머오다
넘치다	넘ː치다
네모	네ː모
녀석	녀석
년대	년대
년도	년도
노동	노동
노동자	노동자
노랑	노랑
노려보다	노려보다
노선	노ː선
노선도	노ː선도
노약자	노ː약짜
녹다	녹따
녹음	노금
녹음기	노금기
녹이다	노기다
녹화	노콰
논리	놀리
논리적	놀리적
논쟁	논쟁
놀랍다	놀ː랍따
놀리다	놀리다
놀이공원	노리공원
놀이터	노리터
농민	농민
농부	농부
농사	농사
농사일	농사일
농산물	농산물
농업	농업
농촌	농촌
높아지다	노파지다
높이다	노피다
높임말	노핌말
놓아두다	노아두다
놓이다	노이다
놓치다	녿치다
놔두다	놔ː두다
누님	누ː님
눈가	눈까
눈감다	눈감따
눈길	눈낄
눈동자	눈똥자
눈뜨다	눈뜨다
눈병	눈뼝
눈부시다	눈부시다
눈빛	눈삗
눈사람	눈ː싸람
눈싸움	눈ː싸움
눈썹	눈썹
눈앞	누납
눈치	눈치
눕히다	누피다
느긋하다	느그타다
느끼하다	느끼하다
늘리다	늘리다
늘어나다	느러나다
늘어놓다	느러노타
늘어서다	느러서다
늘이다	느리다
늦가을	늗까을
늦겨울	늗껴울
늦봄	늗뽐
늦어지다	느저지다
늦여름	는녀름
늦잠	늗짬
늦추다	늗추다
님	님
다가가다	다가가다
다가서다	다가서다
다가오다	다가오다
다녀가다	다녀가다
다듬다	다듬따
다루다	다루다
다름없다	다르멉따
다리다	다리다
다리미	다리미
다림질	다림질
다만	다ː만
다물다	다물다
다방	다방
다소	다소
다수	다수
다정	다정
다지다	다지다
다짐	다짐
다투다	다투다
다행	다행
다행스럽다	다행스럽따
다행히	다행히
단	단
단골	단골
단기	단ː기
단단하다	단단하다
단독	단독
단맛	단맏
단발머리	단ː발머리
단속	단속
단순히	단순히
단위	다뉘
단점	단ː쩜
단정하다	단ː정하다
단정하다	단정하다
단지	단지
단지	단ː지
단체	단체
닫히다	다치다
달다	달ː다
달라지다	달라지다
달래다	달래다
달려가다	달려가다
달려들다	달려들다
달려오다	달려오다
달리	달리
달빛	달삗
달성	달썽
달아나다	다라나다
달콤하다	달콤하다
달하다	달하다
닳다	달타
담	담
담	담ː
담그다	담그다
담기다	담기다
담다	담ː따
담당	담당
담당자	담당자
담백하다	담ː배카다
담요	담ː뇨
담임	다밈
답변	답뼌
닷새	닫쌔
당근	당근
당기다	당기다
당당하다	당당하다
당분간	당분간
당시	당시
당신	당신
당연하다	당연하다
당연히	당연히
당일	당일
당장	당장
당첨	당첨
당하다	당하다
당황	당황
닿다	다ː타
대가	대ː까
대강	대ː강
대개	대ː개
대규모	대ː규모
대기	대ː기
대기업	대ː기업
대낮	대ː낟
대다	대ː다
대다수	대ː다수
대단하다	대ː단하다
대단히	대ː단히
대도시	대ː도시 
대략	대ː략
대량	대ː량
대로	대ː로
대리	대ː리
대립	대ː립
대문	대ː문
대변	대ː변
대비	대ː비
대사	대ː사
대사	대사
대상	대ː상
대상자	대ː상자
대신	대ː신
대여섯	대ː여섣
대응	대ː응
대접	대ː접
대조	대ː조
대중	대ː중
대중가요	대ː중가요
대중교통	대ː중교통
대중문화	대ː중문화
대책	대ː책
대처	대ː처
대청소	대ː청소
대체	대ː체
대체로	대ː체로
대출	대ː출
대충	대충
대통령	대ː통녕
대표	대ː표
대표적	대ː표적
대하다	대ː하다
대한민국	대ː한민국 
대형	대ː형
더구나	더구나
더러워지다	더ː러워지다
더럽히다	더ː러피다
더불다	더불다
더욱더	더욱떠
더욱이	더우기
더위	더위
더하다	더하다
덕	덕
덕택	덕택
덜	덜ː
덜다	덜ː다
덧붙이다	덛뿌치다
덩어리	덩어리
덮다	덥따
덮이다	더피다
데	데
데다	데ː다
데리다	데리다
데우다	데우다
데치다	데ː치다
도구	도ː구
도난	도난
도대체	도대체
도둑	도둑
도로	도로
도리어	도리어
도마	도마
도망	도망
도망가다	도망가다
도망치다	도망치다
도무지	도무지
도서	도서
도시락	도시락
도심	도심
도입	도ː입
도자기	도자기
도장	도장
도저히	도ː저히
도전	도전
도중	도ː중
독	독
독감	독깜
독립	동닙
독일어	도기러
독자	독짜
독특하다	독트카다
독하다	도카다
돌	돌
돌려받다	돌려받따
돌려보내다	돌려보내다
돌멩이	돌ː멩이
돌보다	돌ː보다
돌아다니다	도라다니다
돌아보다	도라보다
돌아서다	도라서다
동	동
동	동ː
동그라미	동그라미
동그랗다	동그라타
동기	동기
동기	동ː기
동료	동뇨
동부	동부
동서남북	동서남북
동아리	동아리
동양	동양
동양인	동양인
동영상	동ː녕상
동요	동ː요
동일	동일
동작	동ː작
동창	동창
동포	동포
동화	동ː화
동화책	동ː화책
두께	두께
두드러지다	두드러지다
두드리다	두드리다
두려움	두려움
두려워하다	두려워하다
두렵다	두렵따
두르다	두르다
두리번거리다	두리번거리다
두어	두어
두통약	두통냑
둘러보다	둘러보다
둘러싸다	둘러싸다
둘러싸이다	둘러싸이다
둘레	둘레
둥글다	둥글다
둥지	둥지
뒤늦다	뒤ː늗따
뒤따르다	뒤ː따르다
뒤떨어지다	뒤ː떠러지다
뒤지다	뒤ː지다
뒤지다	뒤지다
뒤집다	뒤집따
뒤편	뒤ː편
뒷모습	뒨ː모습
뒷문	뒨ː문
드나들다	드나들다
드러나다	드러나다
드러내다	드러내다
드물다	드물다
든든하다	든든하다
듣기	듣끼
들려오다	들려오다
들려주다	들려주다
들어서다	드러서다
들어주다	드러주다
들여다보다	드려다보다
들이다	드리다
들키다	들키다
등	등ː
등기	등기
등록	등녹
등록금	등녹끔
등록증	등녹쯩
등산복	등산복
등장	등장
따님	따님
따다	따다
따라가다	따라가다
따라다니다	따라다니다
따라서	따라서
따라오다	따라오다
따로따로	따로따로
따르다	따르다
따르릉	따르릉
따지다	따지다
딱	딱
딱딱하다	딱따카다
딴	딴
땅바닥	땅빠닥
땅속	땅쏙
땅콩	땅콩
때때로	때때로
때로	때로
때리다	때리다
떠나가다	떠나가다
떠나오다	떠나오다
떠오르다	떠오르다
떠올리다	떠올리다
떨다	떨ː다
떨리다	떨리다
떨어뜨리다	떠러뜨리다
떼	떼
떼다	떼ː다
또다시	또다시
또한	또한
똑똑히	똑또키
똥	똥
뚜껑	뚜껑
뚜렷하다	뚜려타다
뚫다	뚤타
뚫리다	뚤리다
뜯다	뜯따
뜰	뜰
뜻대로	뜯때로
뜻밖	뜯빡
뜻밖에	뜯빠께
띄다	띠ː다
띠	띠
띠다	띠ː다
량	량
마구	마구
마냥	마냥
마늘	마늘
마디	마디
마땅하다	마땅하다
마땅히	마땅히
마련	마련
마루	마루
마무리	마무리
마약	마약
마음가짐	마음가짐
마음껏	마음껃
마음대로	마음대로
마음먹다	마음먹따
마음속	마음쏙
마음씨	마음씨
마주	마주
마주치다	마주치다
마찬가지	마찬가지
마찰	마찰
마치	마치
마침	마침
마침내	마침내
막	막
막내	망내
막다	막따
막대기	막때기
막상	막쌍
막연하다	마견하다
막차	막차
만	만
만남	만남
만만하다	만만하다
만원	마눤
만점	만쩜
만족	만족
만족스럽다	만족쓰럽따
많아지다	마ː나지다
말기	말기
말끔히	말끔히
말다	말다
말다툼	말ː다툼
말리다	말리다
말없이	마ː럽씨
말투	말ː투
말하기	말ː하기
맘	맘ː
맘껏	맘ː껃
맘대로	맘ː대로
망가지다	망가지다
망설이다	망서리다
망치다	망치다
망하다	망하다
맞벌이	맏뻐리
맞서다	맏써다
맞은편	마즌편
맞이하다	마지하다
맞춤법	맏춤뻡
맞히다	마치다
맡기다	맏끼다
맡다	맏따
매	매
매달다	매ː달다
매달리다	매ː달리다
매력	매력
매번	매ː번
매운맛	매운맏
매운탕	매운탕
매장	매ː장
매점	매ː점
매진	매ː진
매체	매체
맨	맨ː
맨발	맨발
맺다	맫따
머리칼	머리칼
머무르다	머무르다
머물다	머물다
머뭇거리다	머묻꺼리다
먹고살다	먹꼬살다
먹이	머기
먹이다	머기다
먹히다	머키다
먼지	먼지
멀미	멀미
멀어지다	머ː러지다
멀쩡하다	멀쩡하다
멋대로	먿때로
멋지다	먿찌다
멍	멍
멍멍	멍멍
멎다	먿따
메우다	메우다
며느리	며느리
면	면ː
면담	면ː담
면도	면ː도
면적	면ː적
면접	면ː접
면하다	면ː하다
면허	면ː허
면허증	면ː허쯩
멸치	멸치
명단	명단
명령	명ː녕
명예	명예
명함	명함
명확하다	명화카다
몇몇	면멷
모	모ː
모금	모금
모래	모래
모범	모범
모여들다	모여들다
모자	모ː자
모집	모집
모처럼	모처럼
모험	모ː험
목구멍	목꾸멍
목록	몽녹
목마르다	몽마르다
목사	목싸
목숨	목쑴
목적지	목쩍찌
목표	목표
몫	목
몰다	몰ː다
몰라보다	몰ː라보다
몰래	몰ː래
몰려들다	몰려들다
몰려오다	몰려오다
몰리다	몰리다
몸매	몸매
몸무게	몸무게
몸살	몸살
몸속	몸쏙
몸짓	몸찓
몸통	몸통
몹시	몹ː씨
못	몯
못나다	몬ː나다
못지않다	몯ː찌안타
몽땅	몽땅
묘사	묘ː사
무관심	무관심
무관하다	무관하다
무기	무ː기
무너지다	무너지다
무늬	무니
무대	무ː대
무더위	무더위
무덤	무덤
무덥다	무덥따
무려	무려
무렵	무렵
무리	무리
무사히	무사히
무서워하다	무서워하다
무시	무시
무역	무ː역
무용	무ː용
무조건	무조껀
무지개	무지개
무책임	무채김
묵다	묵따
묵묵히	뭉무키
묶다	묵따
묶이다	무끼다
문구점	문구점
문득	문득
문명	문명
문방구	문방구
문법	문뻡
문병	문ː병
문서	문서
문자	문짜
문장	문장
문제점	문ː제쩜
문학	문학
문화재	문화재
문화적	문화적
묻다	묻따
묻히다	무치다
물가	물까
물감	물깜
물결	물껼
물기	물끼
물다	물다
물들다	물들다
물러나다	물러나다
물러서다	물러서다
물리다	물리다
물소리	물쏘리
물속	물쏙
물약	물략
물음	무름
물질	물찔
물질적	물찔쩍
뭉치다	뭉치다
뭘	뭘
미끄럽다	미끄럽따
미련	미ː련
미루다	미루다
미만	미ː만
미성년자	미ː성년자
미소	미소
미술	미ː술
미용사	미ː용사
미움	미움
미인	미ː인
미장원	미ː장원
미지근하다	미지근하다
미처	미처
미치다	미치다
미혼	미ː혼
민속놀이	민송노리
민족	민족
믿음	미듬
밀리다	밀리다
밉다	밉따
및	믿
밑바닥	믿빠닥
밑줄	믿쭐
바	바
바가지	바가지
바구니	바구니
바늘	바늘
바닷물	바단물
바둑	바둑
바람직하다	바람지카다
바래다주다	바래다주다
바로잡다	바로잡따
바보	바ː보
바싹	바싹
바위	바위
바치다	바치다
바퀴	바퀴
바탕	바탕
박	박
박다	박따
박사	박싸
박히다	바키다
반기다	반기다
반납	반ː납
반달	반ː달
반대말	반ː대말
반대쪽	반ː대쪽
반말	반ː말
반면	반ː면
반발	반ː발
반복	반ː복
반성	반ː성
반영	바ː녕
반응	바ː능
반장	반장
반죽	반죽
반짝거리다	반짝꺼리다
반짝반짝	반짝빤짝
반짝이다	반짜기다
반창고	반창고
반팔	반ː팔
반품	반ː품
반하다	반ː하다
받아들이다	바다드리다
받침	받침
발걸음	발꺼름
발견	발견
발급	발급
발길	발낄
발꿈치	발꿈치
발끝	발끋
발달	발딸
발등	발뜽
발명	발명
발목	발목
발생	발쌩
발음	바름
발자국	발짜국
발전	발쩐
발톱	발톱
발표	발표
발행	발행
밝혀내다	발켜내다
밝혀지다	발켜지다
밝히다	발키다
밟다	밥ː따
밟히다	발피다
밤	밤ː
밤낮	밤낟
밤늦다	밤늗따
밤새	밤쌔
밤새다	밤새다
밤새우다	밤새우다
밤색	밤ː색
밤중	밤쭝
밥그릇	밥끄륻
밥맛	밤맏
밥솥	밥쏟
방면	방면
방바닥	방빠닥
방송사	방ː송사
방식	방식
방안	방안
방울	방울
방지	방지
방해	방해
배경	배ː경
배고프다	배고프다
배구	배구
배꼽	배꼽
배낭	배ː낭
배낭여행	배ː낭녀행
배다	배ː다
배려	배ː려
배부르다	배부르다
배송	배ː송
배우자	배ː우자
배웅	배웅
배치	배치
배편	배편
뱉다	밷ː따
버섯	버섣
버티다	버티다
번갈다	번갈다
번개	번개
번거롭다	번거롭따
번역	버녁
번지	번지
번호표	번호표
번화하다	번화하다
벌	벌ː
벌	벌
벌금	벌금
벌떡	벌떡
벌레	벌레
벌리다	벌ː리다
벌어지다	버ː러지다
벌이다	버ː리다
범위	버ː뮈
범인	버ː민
법	법
법률	범뉼
법원	버붠
법적	법쩍
법칙	법칙
벗기다	벋끼다
벗어나다	벗어나다
베개	베개
베풀다	베풀다
벼	벼
벽지	벽찌
변경	변ː경
변덕스럽다	변ː덕쓰럽따
변동	변ː동
변명	변ː명
변비	변비
변화	변ː화
별	별
별다르다	별다르다
별도	별또
별말씀	별말씀
별명	별명
별일	별릴
병들다	병ː들다
병실	병ː실
보고	보ː고
보고서	보ː고서
보관	보ː관
보급	보ː급
보기	보기
보도	보ː도
보람	보람
보름	보름
보름달	보름딸
보리	보리
보리차	보리차
보물	보ː물
보살피다	보살피다
보상	보ː상
보석	보ː석
보수	보ː수
보안	보ː안
보완	보ː완
보장	보ː장
보전	보ː전
보조	보ː조
보존	보ː존
보충	보ː충
보행자	보ː행자
보험	보ː험
보호	보ː호
복	복
복도	복또
복사	복싸
복사기	복싸기
복수	복쑤
복숭아	복쑹아
복용	보굥
복통	복통
볶음	보끔
본능	본능
본래	볼래
본부	본부
본인	보닌
본질	본질
볼	볼
볼거리	볼꺼리
볼일	볼ː릴
봉사	봉ː사
봉지	봉지
부	부
부	부ː
부근	부ː근
부끄러움	부끄러움
부끄러워하다	부끄러워하다
부담	부ː담
부담스럽다	부ː담스럽따
부대	부대
부동산	부동산
부딪치다	부딛치다
부딪히다	부디치다
부러워하다	부러워하다
부러지다	부러지다
부리다	부리다
부모	부모
부문	부문
부분적	부분적
부상	부ː상
부서	부서
부서지다	부서지다
부수다	부수다
부위	부위
부자	부자
부작용	부ː자굥
부정	부정
부정	부ː정
부정적	부ː정적
부정확	부정확
부지런히	부지런히
부채	부채
부처	부처
부친	부친
부품	부품
북	북
북미	붕미
북부	북뿌
분노	분ː노
분단	분단
분량	불ː량
분류	불류 
분리	불리
분명	분명
분명히	분명히
분석	분석
분수	분ː수
분실	분실
분실물	분실물
분야	부냐
분포	분포
분필	분필
불가	불가
불가능	불가능
불가피하다	불가피하다
불교	불교
불구하다	불구하다
불규칙	불규칙
불균형	불균형
불꽃	불꼳
불러일으키다	불러이르키다
불리	불리
불리다	불리다
불만	불만
불만족	불만족
불만족스럽다	불만족쓰럽따
불빛	불삗
불어	부러
불어오다	부러오다
불완전	부롼전
불이익	불리익
불충분	불충분
불친절	불친절
불쾌	불쾌
불평	불평
불평등	불평등
불필요	불피료
불행	불행
불확실	불확씰
붐비다	붐비다
붓다	붇ː따
붙들다	붇뜰다
붙잡다	붇짭따
붙잡히다	붇짜피다
비결	비ː결
비교적	비ː교적
비극	비ː극
비기다	비기다
비난	비ː난
비로소	비로소
비록	비록
비롯하다	비로타다
비만	비ː만
비명	비ː명
비밀번호	비ː밀번호
비바람	비바람
비법	비ː뻡
비비다	비비다
비상	비ː상
비상구	비ː상구
비상하다	비ː상하다
비용	비ː용
비우다	비우다
비웃다	비ː욷따
비유	비ː유
비율	비ː율
비중	비ː중
비추다	비추다
비치다	비치다
비키다	비ː키다
비틀거리다	비틀거리다
비판	비ː판
비판적	비ː판적
비하다	비ː하다
비행	비행
비행장	비행장
빈자리	빈ː자리
빌다	빌ː다
빗	빋
빗다	빋따
빗물	빈물
빚	빋
빚다	빋따
빛	빋
빛깔	빋깔
빛나다	빈나다
빠뜨리다	빠ː뜨리다
빠져나가다	빠ː저나가다
빠져나오다	빠ː저나오다
빠짐없이	빠ː지멉씨
빨강	빨강
빨개지다	빨ː개지다
빼놓다	빼ː노타
빼앗기다	빼앋끼다
빼앗다	빼앋따
뺏다	뺃ː따
뺨	뺨
뻗다	뻗따
뼈	뼈
뽀뽀	뽀뽀
뽑히다	뽀피다
뿌리	뿌리
뿌리다	뿌리다
뿌리치다	뿌리치다
삐다	삐ː다
사건	사ː껀
사고방식	사고방식
사과	사ː과
사교적	사교적
사기	사기
사나이	사나이
사내	사내
사냥	사냥
사들이다	사들이다
사라지다	사라지다
사랑스럽다	사랑스럽따
사례	사ː례
사로잡다	사로잡따
사립	사립
사막	사막
사망	사ː망
사무	사ː무
사무소	사ː무소
사무직	사ː무직
사물	사ː물
사방	사ː방
사상	사ː상
사생활	사생활
사설	사설
사소하다	사소하다
사업가	사ː업까
사업자	사ː업짜
사연	사연
사용법	사ː용뻡
사용자	사ː용자
사위	사위
사이좋다	사이조타
사자	사자
사적	사쩍
사전	사ː전
사정	사ː정
사진관	사진관
사진첩	사진첩
사촌	사ː촌
사춘기	사춘기
사태	사ː태
사투리	사ː투리
사표	사표
사항	사ː항
삭제	삭쩨
산길	산낄
산꼭대기	산꼭때기
산불	산뿔
산속	산쏙
산업	사ː넙
살리다	살리다
살림	살림
살아가다	사라가다
살아나다	사라나다
살아남다	사라남따
살아오다	사라오다
살인	사린
살짝	살짝
살찌다	살찌다
살펴보다	살펴보다
살피다	살피다
삶	삼ː
삶다	삼ː따
삼다	삼ː따
삼키다	삼키다
상	상ː
상가	상가
상관	상관
상관없다	상과넙따
상관없이	상과넙씨
상금	상금
상담	상담
상담원	상다뭔
상당하다	상당하다
상당히	상당히
상대	상대
상대방	상대방
상대적	상대적
상대편	상대편
상류	상ː뉴
상반기	상ː반기
상사	상ː사
상상	상ː상
상상력	상ː상녁
상승	상ː승 
상식	상식
상업	상업
상영	상ː영
상점	상점
상징	상징
상쾌하다	상ː쾌하다
상태	상태
상하	상ː하
상하다	상하다
상황	상황
새기다	새기다
새끼	새끼
새다	새다
새다	새ː다
새로이	새로이
새삼	새삼
새엄마	새엄마
새우	새우
새우다	새우다
새집	새집
색다르다	색따르다
생겨나다	생겨나다
생기	생기
생김새	생김새
생년월일	생녀눠릴
생략	생냑
생머리	생머리
생명	생명
생방송	생방송
생산	생산
생생하다	생생하다
생존	생존
생활비	생활비
생활용품	생활룡품
서	서
서넛	서넏
서늘하다	서늘하다
서럽다	서ː럽따
서명	서ː명
서부	서부
서서히	서ː서히
서양인	서양인
서운하다	서운하다
서적	서적
서투르다	서ː투르다
서툴다	서ː툴다
석유	서규
섞이다	서끼다
선	선
선거	선ː거
선약	서냑
선전	선전
선정	선ː정
선진	선진
선진국	선진국
선호	선ː호
설	설ː
설득	설뜩
설레다	설레다
설립	설립
설마	설마
설명서	설명서
설문	설문
설문지	설문지
설사	설싸
설정	설쩡
설치	설치
섭씨	섭씨
성공적	성공적
성과	성꽈
성당	성ː당
성립	성닙
성명	성ː명
성별	성ː별
성숙	성숙
성실	성실
성인	성인
성장	성장
성적표	성적표
성질	성ː질
세금	세ː금
세기	세ː기
세대	세ː대
세력	세ː력
세로	세ː로
세모	세ː모
세월	세ː월
세제	세ː제
세차	세ː차
세탁물	세ː탕물
소감	소ː감
소규모	소ː규모
소극장	소ː극짱
소극적	소극쩍
소금물	소금물
소나기	소나기
소나무	소나무
소녀	소ː녀
소년	소ː년
소독	소독
소독약	소동냑
소득	소ː득
소리치다	소리치다
소매	소매
소문	소ː문
소문나다	소ː문나다
소방관	소방관
소방서	소방서
소방차	소방차
소변	소ː변
소비	소비
소비자	소비자
소설가	소ː설가
소설책	소ː설책
소수	소ː수
소아과	소ː아꽈
소요	소ː요
소용	소ː용
소용없다	소ː용업따
소원	소ː원
소유	소ː유
소음	소음
소재	소재
소중히	소ː중히
소지품	소ː지품
소형	소ː형
소홀하다	소홀하다
소화	소화
속눈썹	송ː눈썹
속다	속따
속담	속땀
속마음	송ː마음
속상하다	속ː쌍하다
속이다	소기다
속하다	소카다
손가방	손까방
손길	손낄
손끝	손끋
손등	손뜽
손목	손목
손발	손발
손뼉	손뼉
손쉽다	손쉽따
손자	손자
손잡다	손잡따
손잡이	손자비
손질	손질
손톱	손톱
손해	손ː해
솔직하다	솔찌카다
솔직히	솔찌키
솜씨	솜씨
솟다	솓따
송아지	송아지
송이	송이
수	수
수년	수ː년
수다	수ː다
수단	수단
수도	수도
수도권	수도꿘
수도꼭지	수도꼭찌
수돗물	수돈물
수동적	수동적
수량	수ː량
수리	수리
수리비	수리비
수만	수ː만
수많다	수ː만타
수면	수면
수면제	수면제
수명	수명
수백	수ː백
수사	수사
수상	수상
수선	수선
수속	수속
수수께끼	수수께끼
수수료	수수료
수시로	수시로
수십	수ː십
수없이	수ː업씨
수요	수요
수용	수용
수입	수입
수입품	수입품
수정	수정
수준	수준
수집	수집
수천	수ː천
수출	수출
수표	수표
수학	수ː학
수행	수행
숙녀	숭녀
숙박	숙빡
숙박비	숙빡삐
숙소	숙쏘
숙이다	수기다
순간	순간
순간적	순간적
순수하다	순수하다
순식간	순식깐
순위	수ː뉘
순진	순진
순하다	순ː하다
술병	술뼝
술자리	술짜리
술잔	술짠
숨	숨ː
숨기다	숨기다
숨다	숨ː따
숨소리	숨ː쏘리
숨지다	숨ː지다
숲	숩
쉿	쉳
스님	스님
스치다	스치다
슬쩍	슬쩍
습기	습끼
습도	습또
습하다	스파다
승객	승객
승낙	승낙
승리	승니
승무원	승무원
승용차	승용차
승진	승진
승차	승차
승차권	승차꿘
승패	승패
시각	시각
시각	시ː각
시금치	시금치
시기	시기
시달리다	시달리다
시대	시대
시댁	시댁
시도	시ː도
시들다	시들다
시력	시ː력
시부모	시부모
시선	시선
시설	시ː설
시아버지	시아버지
시야	시ː야
시인	시인
시일	시일
시절	시절
시점	시쩜
시중	시ː중
시집	시집
시집가다	시집까다
시청률	시ː청뉼
시청자	시ː청자
시합	시합
시행	시ː행
시험지	시험지
식기	식끼
식당가	식땅가
식량	싱냥
식료품	싱뇨품
식물	싱물
식비	식삐
식사량	식싸량
식욕	시굑
식용유	시굥뉴
식중독	식쭝독
식품점	식품점
식후	시쿠
식히다	시키다
신	신
신경	신경
신고	신고
신기하다	신기하다
신나다	신나다
신념	신ː념
신맛	신맏
신문사	신문사
신문지	신문지
신분	신분
신비	신비
신사	신ː사
신상품	신상품
신세	신세
신세대	신세대
신앙	시ː낭
신용	시ː뇽
신입	시닙
신입생	시닙쌩
신제품	신제품
신중	신ː중
신청서	신청서
신체	신체
신체적	신체적
신혼	신혼
신혼부부	신혼부부
신화	신화
실	실ː
실감	실감
실내	실래
실력	실력
실리다	실리다
실망	실망
실습	실씁
실시	실씨
실업	시럽
실용적	시룡적
실은	시른
실장	실짱
실제	실쩨
실제로	실쩨로
실종	실쫑
실천	실천
실체	실체
실컷	실컫
실험	실험
실현	실현
싫증	실쯩
심각하다	심ː가카다
심리	심니
심리적	심니적
심부름	심ː부름
심사	심사
심장	심장
심정	심정
심지어	심ː지어
심판	심ː판
십상	십쌍
싱싱하다	싱싱하다
싸구려	싸구려
싸움	싸움
싸이다	싸이다
싼값	싼갑
쌍	쌍
쌍둥이	쌍둥이
쌓이다	싸이다
썩	썩
썩다	썩따
썰렁하다	썰렁하다
쏘다	쏘ː다
쏟다	쏟따
쏟아지다	쏘다지다
쑤시다	쑤시다
쑥스럽다	쑥쓰럽따
쓰기	쓰기
쓰다듬다	쓰다듬따
쓰러지다	쓰러지다
쓰이다	쓰이다
쓴맛	쓴맏
쓸다	쓸다
쓸데없다	쓸떼업따
쓸데없이	쓸떼업씨
쓸쓸하다	쓸쓸하다
씌우다	씨우다
씨름	씨름
씨앗	씨앋
씩씩하다	씩씨카다
씻기다	씯끼다
아가	아가
아깝다	아깝따
아끼다	아끼다
아냐	아냐
아동	아동
아드님	아드님
아마도	아마도
아무개	아ː무개
아무래도	아ː무래도
아무런	아ː무런
아무렇다	아ː무러타
아무튼	아ː무튼
아쉬움	아쉬움
아쉽다	아쉽따
아예	아예
아울러	아울러
아이고	아이고
아침밥	아침빱
아침저녁	아침저녁
아픔	아픔
아하	아하
아홉째	아홉째
악몽	앙몽
악수	악쑤
악취	악취
악화	아콰
안과	안ː꽈
안기다	안기다
안내서	안ː내서
안내소	안ː내소
안내원	안ː내원
안내판	안ː내판
안방	안빵
안부	안부
안색	안색
안심	안심
안약	아ː냑
안전띠	안전띠
안정	안정
안주	안주
안타까워하다	안타까워하다
안타깝다	안타깝따
안팎	안팍
앉히다	안치다
않다	안타
알	알
알려지다	알ː려지다
알아내다	아라내다
알아듣다	아라듣따
알아맞히다	아라마치다
알아주다	아라주다
알차다	알차다
앓다	알타
암	암ː
암기	암ː기
압력	암녁
앗	앋
앞길	압낄
앞날	암날
앞두다	압뚜다
앞뒤	압뛰
앞머리	암머리
앞바다	압빠다
앞서	압써
앞서다	압써다
앞세우다	압쎄우다
앞장서다	압짱서다
앞집	압찝
애쓰다	애ː쓰다
애완동물	애ː완동물
애정	애ː정
액수	액쑤
액자	액짜
야간	야ː간
야경	야ː경
야근	야ː근
야단	야ː단
야옹	야옹
야하다	야ː하다
약도	약또
약점	약쩜
약품	약품
약혼	야콘
약혼녀	야콘녀
약혼자	야콘자
얌전	얌전
양	양
양	양ː
양국	양ː국
양념	양념
양력	양녁
양배추	양배추
양보	양ː보
양산	양산
양심	양심
양옆	양ː녑
양쪽	양ː쪽
양파	양파
얕다	얃따
어긋나다	어근나다 
어기다	어기다
어느덧	어느덛
어느새	어느새
어둠	어둠
어려움	어려움
어려워하다	어려워하다
어르신	어ː르신
어리석다	어리석따
어린애	어리내
어머	어머
어색하다	어ː새카다
어저께	어저께
어지럽다	어지럽따
어쨌든	어짿뜬
어쩌다	어쩌다
어쩌면	어쩌면
어쩐지	어쩐지
어찌나	어찌나
어찌하다	어찌하다
어차피	어차피
어휘	어ː휘
어휴	어휴
억양	어걍
억울하다	어굴하다
억지로	억찌로
언급	언급
언덕	언덕
언론	얼론
언젠가	언ː젠가
얹다	언따
얻어먹다	어ː더먹따
얼룩	얼룩
얼른	얼른
얼리다	얼리다
얼마간	얼마간
엄격	엄껵
엄숙하다	엄수카다
엄청나다	엄청나다
업다	업따
업무	엄무
업적	업쩍
업체	업체
없애다	업ː쌔다
없어지다	업ː써지다
없이	업ː씨
엉뚱하다	엉뚱하다
엉망	엉망
엉터리	엉터리
엊그제	얻끄제
엎드리다	업뜨리다
여	여
여가	여가
여간	여간
여건	여ː껀
여고	여고
여관	여관
여기다	여기다
여덟째	여덜째
여드름	여드름
여럿	여럳
여름철	여름철
여름휴가	여름휴가
여보	여보
여부	여ː부
여섯째	여섣째
여섯째	여섣째 
여유	여유
여유롭다	여유롭따
여인	여인
여전히	여전히
여쭈다	여ː쭈다
여행가	여행가
역사가	역싸가
역사상	역싸상
역사적	역싸적
역할	여칼
엮다	역따
연	연
연간	연간
연고	연ː고
연관	연관
연구	연ː구
연구소	연ː구소
연구실	연ː구실
연구원	연ː구원
연구자	연ː구자
연기	연기
연기	연ː기
연기자	연ː기자
연도	연도
연두색	연ː두색
연령	열령
연못	연몯
연봉	연봉
연설	연ː설
연속	연속
연애	여ː내
연인	여ː닌
연장	연장
연주	연ː주
연체	연체
연체료	연체료
연출	연ː출
연탄	연ː탄
연하다	연ː하다
연합	연합
열기	열기
열매	열매
열정	열쩡
열중	열쭝
열째	열째
염색	염ː색
엿보다	엳ː뽀다
영리하다	영ː니하다
영상	영상
영양	영양
영양제	영양제
영업	영업
영역	영역
영웅	영웅
영원	영ː원
영원히	영ː원히
영향	영ː향
영향력	영ː향녁
영혼	영혼
영화감독	영화감독
예	예
예감	예ː감
예고	예ː고
예금	예ː금
예방	예ː방
예보	예ː보
예비	예ː비
예산	예ː산
예상	예ː상
예선	예ː선
예술가	예ː술가
예술적	예ː술쩍
예식장	예식짱
예절	예절
예정	예ː정
예측	예ː측
예컨대	예ː컨대
옛날이야기	옌ː날리야기
오가다	오가다
오늘날	오늘랄
오락	오ː락
오락실	오ː락씰
오래도록	오래도록
오래오래	오래오래
오랜	오랜
오로지	오ː로지
오르내리다	오르내리다
오른발	오른발
오른편	오른편
오리	오ː리
오염	오ː염
오직	오직
오징어	오징어
오해	오ː해
오히려	오히려
옥수수	옥쑤수
온	온ː
온갖	온ː갇
온몸	온ː몸
온종일	온ː종일
온천	온천
온통	온ː통
올	올
올라서다	올라서다
올라타다	올라타다
올려놓다	올려노타
올려다보다	올려다보다
올바르다	올바르다
올여름	올려름
옮기다	옴기다
옷차림	옫차림
완벽	완벽
완성	완성
완전	완전
왕복	왕ː복
왠지	왠지
요	요
요구	요구
요리법	요리뻡
요새	요새
요소	요소
요약	요약
요인	요인
요즈음	요즈음
요청	요청
욕	욕
욕망	용망
욕실	욕씰
욕심	욕씸
용	용
용감하다	용ː감하다
용건	용ː껀
용기	용ː기
용도	용ː도
용돈	용ː똔
용서	용서
용어	용ː어
용품	용ː품
우기다	우기다
우려	우려
우물	우물
우수	우수
우습다	우ː습따
우승	우승
우아하다	우아하다
우연	우연
우연히	우연히
우울	우울
우정	우ː정
우주	우ː주
우체통	우체통
우측	우ː측
우편	우편
우편물	우편물
우편함	우편함
운	운ː
운동량	운ː동냥
운동선수	운ː동선수
운명	운ː명
운반	운ː반
운영	우ː녕
운전기사	운ː전기사
운전면허	운ː전면허
운행	운ː행
울리다	울리다
울음소리	우름쏘리
움직임	움지김
웃기다	욷ː끼다
웃어른	우더른
웃음소리	우슴쏘리
워낙	워낙
원래	월래
원리	월리
원만하다	원만하다
원서	원ː서
원숭이	원ː숭이
원인	워닌
원칙	원칙
월말	월말
월세	월쎄
웬	웬ː
웬만하다	웬ː만하다
웬일	웬ː닐
위기	위기
위대하다	위대하다
위로	위로
위반	위반
위아래	위아래
위층	위층
위하다	위하다
위험성	위험썽
위협	위협
유교	유교
유난히	유ː난히
유도	유도
유람선	유람선
유료	유ː료
유리	유ː리
유리창	유리창
유물	유물
유산	유산
유일	유일
유적	유적
유적지	유적찌
유지	유지
유창하다	유창하다
유치하다	유치하다
유통	유통
유형	유ː형
유혹	유혹
육군	육꾼
육지	육찌
육체	육체
육체적	육체적
으악	으악
은	은
음력	음녁
음반	음반
음성	음성
음식물	음ː싱물
음주	음ː주
응급실	응ː급씰
응답	응ː답
응시	응ː시
응원	응ː원
의견	의ː견
의논	의논
의도	의ː도
의류	의류
의무	의ː무
의무적	의ː무적
의문	의문
의복	의복
의상	의상
의식	의ː식
의식	의식
의심	의심
의욕	의ː욕
의존	의존
의지	의지
의지	의ː지
이곳저곳	이곧쩌곧
이국적	이ː국쩍
이기적	이ː기적
이끌다	이끌다
이내	이ː내
이내	이내
이념	이ː념
이달	이달
이대로	이대로
이동	이동
이따	이따
이러다	이러다
이런저런	이런저런
이력서	이ː력써
이론	이ː론
이롭다	이ː롭따
이루다	이루다
이루어지다	이루어지다
이룩하다	이루카다
이른바	이른바
이름표	이름표
이리	이리
이리저리	이리저리
이만	이만
이만큼	이만큼
이민	이민
이발	이ː발
이별	이ː별
이비인후과	이ː비인후꽈
이상적	이ː상적
이성	이ː성
이어	이어
이어지다	이어지다
이왕	이ː왕
이용자	이ː용자
이웃집	이욷찝
이윽고	이윽꼬
이익	이ː익
이자	이ː자
이전	이전
이제야	이제야
이튿날	이튼날
이하	이ː하
이혼	이ː혼
익히다	이키다
인간	인간
인간성	인간썽
인간적	인간적
인격	인껵
인공	인공
인구	인구
인도	인도
인력	일력
인류	일류
인물	인물
인삼차	인삼차
인상	인상
인상적	인상적
인생	인생
인쇄	인쇄
인식	인식
인심	인심
인연	이년
인용	이뇽
인원	이눤
인재	인재
인정	인정
인정받다	인정받따
인체	인체
인하	인하
인하다	인하다
일곱째	일곱째
일교차	일교차
일단	일딴
일대	일때
일등	일뜽
일반	일반
일반인	일바닌
일반적	일반적
일본어	일보너
일부러	일ː부러
일부분	일부분
일상	일쌍
일상생활	일쌍생활
일상적	일쌍적
일생	일쌩
일석이조	일써기조
일손	일ː쏜
일시	일씨
일시불	일씨불
일시적	일씨적
일쑤	일쑤
일어	이러
일으키다	이르키다
일일이	일리리
일자리	일ː짜리
일정	일쩡
일정표	일쩡표
일종	일쫑
일찍이	일찌기
일체	일체
일출	일출
일치	일치
일행	일행
읽기	일끼
읽히다	일키다
임무	임ː무
임시	임시
임신	임ː신
입국	입꾹
입금	입끔
입대	입때
입맛	임맏
입사	입싸
입시	입씨
입장	입짱
입장료	입짱뇨
입학시험	이팍씨험
입학식	이팍씩
입히다	이피다
잇다	읻ː따
잇따르다	읻ː따르다
잊히다	이치다
자	자
자가용	자가용
자격	자격
자격증	자격쯩
자극	자ː극
자기	자기
자꾸만	자꾸만
자녀	자녀
자동	자동
자라나다	자라나다
자랑스럽다	자랑스럽따
자료	자료
자막	자막
자매	자매
자본	자본
자부심	자부심
자살	자살
자세	자세
자세하다	자세하다
자신감	자신감
자연스럽다	자연스럽따
자연적	자연적
자연환경	자연환경
자연히	자연히
자원	자원
자유롭다	자유롭따
자존심	자존심
자주색	자ː주색
작가	작까
작곡	작꼭
작곡가	작꼭까
작동	작똥
작문	장문
작성	작썽
작업	자겁
작용	자굥
작은집	자근집
작전	작쩐
작품	작품
잔돈	잔돈
잔디밭	잔디받
잔뜩	잔뜩
잔소리	잔소리
잘나다	잘라다
잘리다	잘리다
잘살다	잘살다
잠그다	잠그다
잠기다	잠기다
잠들다	잠들다
잠옷	자몯
잠자리	잠자리
잡아당기다	자바당기다
잡아먹다	자바먹따
잡히다	자피다
장가	장ː가
장관	장ː관
장기간	장기간
장기적	장기적
장난	장난
장남	장ː남
장단점	장단쩜
장래	장내
장례식	장ː녜식
장마철	장마철
장면	장면
장모	장ː모
장사	장사
장수	장수
장식	장식
장애	장애
장애인	장애인
장인	장ː인
장점	장쩜
장하다	장ː하다
장학금	장ː학끔
재능	재능
재다	재ː다
재떨이	재떠리
재빨리	재빨리
재산	재산
재생	재ː생
재수	재수
재우다	재우다
재작년	재ː장년
재주	재주
재판	재판
재학	재ː학
재학생	재ː학쌩
재활용	재ː화룡
재활용품	재ː화룡품
저급	저ː급
저녁때	저녁때
저러다	저러다
저렴하다	저ː렴하다
저리	저리
저마다	저마다
저만큼	저만큼
저울	저울
저자	저ː자
저장	저ː장
저절로	저절로
저지르다	저지르다
저축	저ː축
적	적
적극	적끅
적극적	적끅쩍
적당히	적땅히
적성	적썽
적어도	저ː거도
적어지다	저ː거지다
적용	저굥
적응	저긍
적자	적짜
적절하다	적쩔하다
적히다	저키다
전개	전ː개
전국	전국
전국적	전국쩍
전날	전날
전달	전달
전망	전ː망
전문	전문
전문가	전문가
전문적	전문적
전문점	전문점
전문직	전문직
전설	전설
전세	전세
전시	전ː시
전시장	전ː시장
전용	저뇽
전원	저눤
전원	저ː눤
전자	전ː자
전자사전	전ː자사전
전쟁	전ː쟁
전제	전제
전체적	전체적
전통	전통
전통적	전통적
전후	전후
절	절
절대	절때
절대로	절때로
절대적	절때적
절망	절망
절반	절반
절약	저략
절차	절차
젊은이	절므니
젊음	절믐
점	점
점검	점검
점심때	점ː심때
점원	저ː뭔
점잖다	점ː잔타
점차	점ː차
접근	접끈
접속	접쏙
접수	접쑤
접어들다	저버들다
접촉	접촉
접하다	저파다
젓다	젇ː따
정	정
정기	정ː기
정기적	정ː기적
정답	정ː답
정당	정당
정말로	정ː말로
정면	정ː면
정반대	정ː반대
정보	정보
정보화	정보화
정부	정부
정상	정ː상
정상적	정ː상적
정성	정성
정수기	정수기
정식	정ː식
정신	정신
정신없다	정시넙따
정신없이	정시넙씨
정신적	정신적
정오	정ː오
정원	정ː원
정육점	정육쩜
정작	정ː작
정장	정ː장
정지	정지
정직	정ː직
정착	정ː착
정책	정책
정치	정치
정치인	정치인
정치적	정치적
정확히	정ː화키
젖	젇
제거	제거
제공	제공
제과점	제ː과점
제대로	제대로
제도	제ː도
제때	제때
제발	제ː발
제법	제법
제사	제ː사
제시	제시
제시간	제시간
제안	제안
제약	제ː약
제자	제ː자
제자리	제자리
제작	제ː작
제출	제출
제품	제ː품
제한	제ː한
조	조
조각	조각
조건	조껀
조그맣다	조그마타
조기	조ː기
조르다	조르다
조리	조리
조림	조림
조명	조ː명
조미료	조미료
조사	조사
조상	조상
조심스럽다	조ː심스럽따
조언	조ː언
조작	조ː작
조절	조절
조정	조정
조화	조화
존경	존경
존재	존재
존중	존중
졸리다	졸ː리다
졸업생	조럽쌩
졸업식	조럽씩
졸음	조ː름
좀처럼	좀ː처럼
좁히다	조피다
종교	종교
종교적	종교적
종아리	종ː아리
종일	종일
종종	종ː종
종합	종합
좌석	좌ː석
좌우	좌ː우
좌측	좌ː측
주간	주간
주고받다	주고받따
주관적	주관적
주름	주름
주먹	주먹
주목	주ː목
주민	주ː민
주방	주방
주식	주식
주어지다	주어지다
주요	주요
주유소	주ː유소
주인공	주인공
주장	주장
주저앉다	주저안따
주전자	주전자
주제	주제
주차권	주ː차꿘
주차료	주ː차료
주택	주ː택
죽	죽
죽음	주금
죽이다	주기다
준비물	준ː비물
줄거리	줄거리
줄곧	줄곧
줄기	줄기
줄넘기	줄럼끼
줄무늬	줄무니
줄어들다	주러들다
중	중ː
중고	중고
중고차	중고차
중국어	중구거
중급	중급
중단	중단
중독	중독
중반	중반
중부	중부
중소기업	중소기업
중순	중순
중식	중식
중심지	중심지
중얼거리다	중얼거리다
중요성	중ː요썽
중형차	중형차
쥐	쥐
쥐다	쥐ː다
즉	즉
즉석	즉썩
즉시	즉씨
즐거움	즐거움
증가	증가
증거	증거
증명	증명
증명서	증명서
증상	증상
증세	증세
지겹다	지겹따
지구	지구
지극히	지그키
지금껏	지금껃
지급	지급
지나치다	지나치다
지난날	지난날
지능	지능
지니다	지니다
지도자	지도자
지름길	지름낄
지불	지불
지붕	지붕
지시	지시
지식	지식
지식인	지시긴
지역	지역
지옥	지옥
지원	지원
지위	지위
지저분하다	지저분하다
지적	지적
지정	지정
지진	지진
지출	지출
지치다	지ː치다
지켜보다	지켜보다
지하실	지하실
직선	직썬
직장인	직짱인
직접적	직쩝쩍
직진	직찐
직후	지쿠
진단	진ː단
진단서	진ː단서
진동	진ː동
진로	질ː로
진리	질리
진술	진ː술
진실	진실
진심	진심
진정하다	진정하다
진지하다	진지하다
진찰	진ː찰
진출	진ː출
진통제	진ː통제
진학	진ː학
진행	진ː행
진행자	진ː행자
질	질
질병	질병
질서	질써
질투	질투
짐승	짐승
짐작	짐작
집다	집따
집단	집딴
집세	집쎄
집안	지반
집어넣다	지버너타
집중	집쭝
집중적	집쭝적
짓	짇ː
짖다	짇따
짙다	짇따
짚다	집따
짜증스럽다	짜증스럽따
짝수	짝쑤
짠맛	짠맏
쫓겨나다	쫃껴나다
쫓기다	쫃끼다
쫓다	쫃따
쫓아가다	쪼차가다
쫓아내다	쪼차내다
쫓아다니다	쪼차다니다
쫓아오다	쪼차오다
쭉	쭉
찌르다	찌르다
찌푸리다	찌푸리다
찍히다	찌키다
찜질	찜질
찡그리다	찡그리다
찢다	찓따
찢어지다	찌저지다
차도	차도
차라리	차라리
차량	차량
차로	차로
차리다	차리다
차림표	차림표
차마	차마
차별	차별
차비	차비
차선	차선
차원	차원
차이	차이
차이점	차이쩜
차차	차차
차창	차창
차츰	차츰
착각	착깍
찬성	찬ː성
참가	참가
참고	참고
참기름	참기름
참석	참석
참석자	참석짜
참여	차며
참으로	차므로
참조	참조
창	창
창가	창까
창고	창고
창구	창구
창밖	창박
창작	창ː작
창조	창ː조
창피	창피
찾아내다	차자내다
찾아다니다	차자다니다
채우다	채우다
채택	채ː택
책가방	책까방
책임	채김
책임감	채김감
책임자	채김자
책임지다	채김지다
챙기다	챙기다
처녀	처ː녀
처리	처ː리
처방	처ː방
처방전	처ː방전
처벌	처ː벌
처하다	처ː하다
천국	천국
천둥	천둥
천사	천사
천장	천장
천재	천재
천주교	천주교
철	철
철도	철또
철저히	철쩌히
첨부	첨부
첫눈	천눈
첫사랑	첟싸랑
첫인상	처딘상
청소기	청소기
청하다	청하다
청혼	청혼
체력	체력
체면	체면
체온	체온
체조	체조
체중	체중
체하다	체하다
체험	체험
초가을	초가을
초겨울	초겨울
초급	초급
초기	초기
초록	초록
초반	초반
초보	초보
초보자	초보자
초봄	초봄
초승달	초승딸
초여름	초여름
초저녁	초저녁
초점	초쩜
초조	초조
초청	초청
초청장	초청짱
촌스럽다	촌ː쓰럽따
총	총
총	총ː
총리	총ː니
촬영	촤령
추가	추가
추억	추억
추위	추위
추진	추진
추천	추천
추천서	추천서
추측	추측
축구장	축꾸장
축소	축쏘
축제	축쩨
출국	출국
출근길	출근낄
출산	출싼
출신	출씬
출연	추련
출판	출판
출현	출현
충격	충격
충격적	충격쩍
충고	충고
충돌	충돌
충분히	충분히
취업	취ː업
취재	취ː재
취하다	취ː하다
취향	취ː향
측	측
측면	층면
치료법	치료뻡
치르다	치르다
치수	치수
치우다	치우다
친딸	친딸
친아들	치나들
친아버지	치나버지
친어머니	치너머니
친언니	치넌니
친오빠	치노빠
친정	친정
침	침
침묵	침묵
칸	칸
캄캄하다	캄캄하다
커다랗다	커ː다라타
커지다	커지다
코피	코피
콜록콜록	콜록콜록
콧노래	콘노래
콩나물	콩나물
쾌적하다	쾌저카다
쿨쿨	쿨쿨
쿵	쿵
큰길	큰길
큰돈	큰돈
큰딸	큰딸
큰아들	크나들
큰아버지	크나버지
큰어머니	크너머니
큰일	크닐
큰집	큰집
타고나다	타고나다
타오르다	타오르다
타인	타인
탁자	탁짜
탄생	탄ː생
탈출	탈출
탑	탑
탑승	탑씅
탑승객	탑씅객
태양	태양
태우다	태우다
택하다	태카다
터뜨리다	터ː뜨리다
터지다	터ː지다
턱	턱
털	털
털다	털ː다
텅	텅
토	토
토론	토ː론
토하다	토ː하다
통	통
통과	통과
통신	통신
통역	통역
통일	통ː일
통증	통ː쯩
통통하다	통통하다
통하다	통하다
통행	통행
투자	투자
투표	투표
특기	특끼
특성	특썽
특수	특쑤
특정	특쩡
특징	특찡
틀림없다	틀리멉따
틀림없이	틀리멉씨
틈	틈
틈틈이	틈트미
파	파
파다	파다
파도	파도
파랑	파랑
파출소	파출쏘
판단	판단
판매	판매
판사	판사
팔꿈치	팔꿈치
퍼지다	퍼ː지다
퍽	퍽
펴내다	펴내다
편	편
편견	편견
편식	편식
편히	편히
펼쳐지다	펼처지다
펼치다	펼치다
평	평ː
평가	평ː까
평균	평균
평등	평등
평범하다	평범하다
평상시	평상시
평생	평생
평화	평화
평화롭다	평화롭따
포근하다	포근하다
포기	포ː기
포도주	포도주
포장지	포장지
포함	포함
폭넓다	퐁널따
폭력	퐁녁
폭발	폭빨
폭설	폭썰
폭우	포구
폭포	폭포
표면	표면
표시	표시
표정	표정
표준	표준
표준어	표주너
표지	표지
표지판	표지판
표현	표현
푸다	푸다
풀	풀
풀리다	풀리다
풀어지다	푸러지다
품	품
품다	품ː따
품질	품ː질
풍기다	풍기다
풍부하다	풍부하다
풍선	풍선
풍속	풍속
풍습	풍습
피로	피로
피부	피부
피서	피ː서
피하다	피ː하다
피해	피ː해
피해자	피ː해자
필기	필기
필수	필쑤
필수적	필쑤적
필수품	필쑤품
필요성	피료썽
하	하ː
하긴	하긴
하나하나	하나하나
하느님	하느님
하도	하도
하숙	하ː숙
하양	하양
하여튼	하여튼
하차	하ː차
하품	하품
하하	하하
학과	학꽈
학력	항녁
학문	항문
학부모	학뿌모
학비	학삐
학습	학씁
학용품	하굥품
학자	학짜
한	한ː
한가운데	한가운데
한겨울	한겨울
한결	한결
한국말	한ː궁말
한국어	한ː구거
한국인	한ː구긴
한국적	한ː국쩍
한꺼번에	한꺼버네
한낮	한낟
한눈	한눈
한동안	한동안
한둘	한둘
한때	한때
한마디	한마디
한문	한ː문
한밤중	한밤쭝
한순간	한순간
한숨	한숨
한여름	한녀름
한자	한ː짜
한쪽	한쪽
한참	한참
한창	한창
한층	한층
한편	한편
할부	할부
할인점	하린점
함부로	함부로
합격	합껵
합격자	합껵짜
합리적	함니적
합치다	합치다
합하다	하파다
항공료	항ː공뇨
해	해ː
해결	해ː결
해결책	해ː결책
해내다	해ː내다
해당	해당
해돋이	해도지
해롭다	해ː롭따
해물	해ː물
해방	해ː방
해변	해ː변
해산물	해ː산물
해석	해ː석
해설	해ː설
해소	해ː소
해수욕장	해ː수욕짱
해안	해ː안
해치다	해ː치다
핵심	핵씸
행사장	행사장
행운	행ː운
행위	행위
행정	행정
행하다	행하다
향	향
향기	향기
향상	향ː상
향수	향수
향하다	향ː하다
허가	허가
허락	허락
허리띠	허리띠
허벅지	허벅찌
허용	허용
허허	허허
헌	헌ː
험하다	험ː하다
헤매다	헤매다
헤아리다	헤ː아리다
헤엄치다	헤엄치다
현관	현관
현대	현ː대
현대인	현ː대인
현대적	현ː대적
현상	현ː상
현실	현ː실
현실적	현ː실쩍
현장	현ː장
협력	혐녁
협조	협쪼
형님	형님
형성	형성
형식	형식
형태	형태
형편	형편
호감	호ː감
호기심	호ː기심
호두	호두
호박	호ː박
호실	호ː실
호주머니	호주머니
호흡	호흡
혹은	호근
혼나다	혼나다
혼내다	혼내다
홀수	홀쑤
홍보	홍보
홍수	홍수
화	화
화면	화ː면
화분	화분
화장	화장
화장대	화장대
화장지	화장지
화재	화ː재
화제	화제
화창하다	화창하다
화해	화해
확	확
확대	확때
확보	확뽀
확산	확싼
확신	확씬
확실하다	확씰하다
확실히	확씰히
확인	화긴
확장	확짱
환경	환경
환불	환불
환상	환ː상
환상적	환ː상적
환승역	환ː승녁
환율	화ː뉼
환하다	환ː하다
활기	활기
활동	활똥
활동적	활똥적
활발하다	활발하다
활발히	활발히
활용	화룡
활짝	활짝
효도	효ː도
효율적	효ː율쩍
효자	효ː자
후반	후ː반
후보	후보
후식	후ː식
후추	후추
훈련	훌ː련
훔치다	훔치다
휴가철	휴가철
휴대	휴대
휴식	휴식
휴양지	휴양지
휴학	휴학
흉내	흉내
흐름	흐름
흑백	흑빽
흔들리다	흔들리다
흔적	흔적
흔하다	흔하다
흔히	흔히
흘러가다	흘러가다
흘러나오다	흘러나오다
흘러내리다	흘러내리다
흙	흑
흡수	흡쑤
흥미	흥ː미
흥미롭다	흥ː미롭따
흥분	흥분
가	가ː
가곡	가곡
가공	가공
가급적	가ː급쩍
가까스로	가까스로
가냘프다	가냘프다
가누다	가누다
가느다랗다	가느다라타
가늠	가늠
가다듬다	가다듬따
가닥	가닥
가담	가담
가동	가동
가뜩이나	가뜨기나
가라앉히다	가라안치다
가려내다	가려내다
가령	가ː령
가로수	가로수
가로지르다	가로지르다
가로채다	가로채다
가르침	가르침
가면	가ː면
가문	가문
가부장적	가부장적
가쁘다	가쁘다
가상	가ː상
가설	가ː설
가세	가세
가속	가속
가속화	가소콰
가시	가시
가시다	가시다
가식적	가ː식쩍
가야금	가야금
가열	가열
가엾다	가ː엽따
가옥	가옥
가장자리	가ː장자리
가중	가중
가지런히	가지런히
가창력	가창녁
가책	가ː책
가축	가축
가출	가출
가파르다	가파르다
가하다	가하다
가해자	가해자
가훈	가훈
가히	가ː히
각광	각꽝
각기	각끼
각도	각또
각박하다	각빠카다
각별하다	각뼐하다
각별히	각뼐히
각본	각뽄
각성	각썽
각양각색	가걍각쌕
각지	각찌
간간이	간ː가니
간결하다	간결하다
간과하다	간과하다
간략하다	갈랴카다
간밤	간밤
간부	간부
간소하다	간소하다
간절히	간ː절히
간접	간ː접
간주	간주
간첩	간ː첩
갈다	갈ː다
갈대	갈때
갈래	갈래
갈망	갈망
갈피	갈피
감격	감ː격
감격스럽다	감ː격쓰럽따
감금	감금
감기다	감기다
감당	감당
감돌다	감ː돌다
감량	감ː냥
감면	감ː면
감명	감ː명
감미롭다	감미롭따
감사	감사
감상	감ː상
감상적	감ː상적
감성	감ː성
감성적	감ː성적
감수	감수
감수성	감ː수썽
감안	가만
감염	가ː몀
감원	가ː뭔
감정적	감ː정적
감지	감ː지
감쪽같이	감쪽까치
감촉	감ː촉
감축	감ː축
감탄	감ː탄
감탄사	감ː탄사
감하다	감ː하다
갑	갑
갑갑하다	갑까파다
값어치	가버치
값지다	갑찌다
갓	갇
강간	강ː간
강국	강국
강당	강ː당
강대국	강대국
강도	강도
강력	강녁
강력히	강녀키
강렬하다	강녈하다
강산	강산
강세	강세
강압	강ː압
강연	강ː연
강우량	강ː우량
강인하다	강인하다
강자	강자
강점	강쩜
강제적	강ː제적
강좌	강ː좌
강직하다	강지카다
강풍	강풍
강행	강ː행
강화	강화
갖은	가즌
개강	개강
개개인	개ː개인
개관	개관
개괄적	개ː괄쩍
개국	개국
개량	개ː량
개막	개막
개막식	개막씩
개방적	개방적
개별적	개ː별쩍
개봉	개봉
개설	개설
개수	개ː쑤
개시	개시
개신교	개ː신교
개업	개업
개요	개ː요
개운하다	개운하다
개입	개ː입
개작	개ː작
개장	개장
개정	개ː정
개조	개ː조
개척	개척
개체	개ː체
개통	개통
개편	개ː편
개표	개표
객석	객썩
객실	객씰
객지	객찌
거금	거ː금
거느리다	거느리다
거닐다	거ː닐다
거동	거ː동
거듭	거듭
거듭나다	거듬나다
거뜬하다	거뜬하다
거론	거ː론
거룩하다	거ː루카다
거르다	거르다
거리낌	거리낌
거만	거ː만
거문고	거문고
거부	거ː부
거부감	거ː부감
거북하다	거ː부카다
거세다	거세다
거스르다	거스르다
거슬리다	거슬리다
거시적	거ː시적
거액	거ː액
거인	거ː인
거주	거주
거주자	거주자
거창하다	거ː창하다
거처	거처
거침없이	거치멉씨
걱정거리	걱쩡꺼리
건	건
건국	건ː국
건기	건기
건립	걸ː립
건망증	건ː망쯩
건방지다	건방지다
건설업	건ː서럽
건성	건성
건수	건쑤
건장하다	건ː장하다
건전	건ː전
건축가	건ː축까
건축물	건ː충물
걷어차다	거더차다
걷잡다	걷짭따
걸려들다	걸려들다
걸림돌	걸림똘
걸맞다	걸ː맏따
걸음걸이	거름거리
걸작	걸짝
걸터앉다	걸ː터안따
걸핏하면	걸피타면
검	검ː
검거	검ː거
검문	검ː문
검소	검ː소
검증	검ː증
검진	검ː진
검찰	검ː찰
겁내다	검내다
겉보기	걷뽀기
게을리하다	게을리하다
게재	게ː재
겨냥	겨ː냥
겨누다	겨누다
겨드랑이	겨드랑이
겨루다	겨루다
겨를	겨를
격	격
격렬하다	경녈하다
격리	경니
격세지감	격쎄지감
격식	격씩
격언	겨건
격주	격쭈
격차	격차
견고하다	견고하다
견과	견과
견문	견ː문
견본	견ː본
견제	견제
견주다	견주다
결단	결딴
결단력	결딴녁
결말	결말
결별	결별
결산	결싼
결선	결썬
결성	결썽
결속	결쏙
결승선	결씅선
결승전	결씅전
결실	결씰
결여	겨려
결재	결째
결점	결쩜
결정적	결쩡적
결정짓다	결쩡짇따
결핍	결핍
결함	결함
겸	겸
겸하다	겸하다
겸허	겸허
겹	겹
경각심	경ː각씸
경건하다	경ː건하다
경고문	경ː고문
경공업	경공업
경과	경과
경관	경관
경련	경년
경로	경노
경매	경ː매
경멸	경멸
경보	경ː보
경비	경ː비
경사	경사
경솔하다	경솔하다
경시	경시
경악	경악
경연	경ː연
경영진	경영진
경영학	경영학
경위	경위
경유	경유
경이롭다	경이롭따
경쟁률	경ː쟁뉼
경쟁자	경ː쟁자
경쟁적	경ː쟁적
경전	경전
경제권	경제꿘
경제성	경제썽
경제학	경제학
경조사	경ː조사
경주	경ː주
경지	경지
경직	경직
경찰청	경ː찰청
경청	경청
경쾌하다	경쾌하다
경품	경ː품
경험담	경험담
경호	경ː호
곁눈질	견눈질
곁들이다	겯뜨리다
고	고ː
고가	고까
고가품	고까품
고갈	고갈
고교생	고교생
고구려	고구려
고귀하다	고귀하다
고기압	고기압
고기잡이	고기자비
고난	고난
고다	고ː다
고단하다	고단하다
고달프다	고달프다
고도	고도
고령	고령
고령화	고령화
고루	고루
고리	고리
고립	고립
고무신	고무신
고발	고ː발
고비	고비
고사하다	고사하다
고상하다	고상하다
고생스럽다	고생스럽따
고소	고ː소
고소득	고소득
고수	고수
고스란히	고스란히
고심	고심
고아	고아
고아원	고아원
고안	고안
고약하다	고ː야카다
고온	고온
고요히	고요히
고용	고용
고원	고원
고위	고위
고이다	고이다
고인	고ː인
고작	고작
고조	고조
고지서	고ː지서
고진감래	고진감내
고찰	고찰
고체	고체
고충	고충
고학력	고항녁
고함	고함
고혈압	고혀랍
곡물	공물
곡선	곡썬
곤경	곤ː경
곤궁	곤ː궁
곤두세우다	곤두세우다
곤욕	고ː뇩
곤충	곤충
골동품	골똥품
골머리	골머리
골짜기	골짜기
골치	골치
곪다	곰ː따
곰곰이	곰ː고미
곰팡이	곰ː팡이
곱슬머리	곱쓸머리
공간적	공간적
공감대	공ː감대
공개적	공개적
공경	공경
공고	공고
공고문	공고문
공공시설	공공시설
공공연하다	공공연하다
공교육	공교육
공군	공군
공권력	공꿘녁
공략	공ː냑
공로	공노
공룡	공ː뇽
공립	공닙
공모	공모
공문	공문
공방	공ː방
공백	공백
공사장	공사장
공산품	공산품
공상	공상
공세	공ː세
공식적	공식쩍
공약	공약
공연히	공연히
공예	공예
공용어	공용어
공유	공ː유
공익	공익
공적	공적
공정	공정
공정성	공정썽
공존	공ː존
공중	공중
공중위생	공중위생
공직	공직
공터	공터
공통적	공ː통적
공평하다	공평하다
공포	공포
공포감	공ː포감
공학	공학
공허하다	공허하다
공헌	공ː헌
과감하다	과ː감하다
과감히	과ː감히
과격하다	과ː겨카다
과녁	과ː녁
과다	과ː다
과대평가	과ː대평까
과도하다	과ː도하다
과민	과ː민
과반수	과ː반수
과보호	과ː보호
과부	과ː부
과소평가	과ː소평까
과시	과ː시
과언	과ː언
과열	과ː열
과음	과ː음
과잉	과ː잉
과정	과정
과찬	과ː찬
과하다	과ː하다
관	관
관공서	관공서
관념	관념
관대하다	관대하다
관련자	괄련자
관련짓다	괄련짇따
관례	괄례
관료	괄료
관세	관세
관습	관습
관여	과녀
관용	과뇽
관용어	과뇽어
관용적	과뇽적
관절	관절
관중	관중
관직	관직
관청	관청
관측	관측
관하다	관하다
관행	관행
관형사	관형사
관혼상제	관혼상제
광범위하다	광ː버뮈하다
광복	광복
광부	광ː부
광업	광ː업
광장	광ː장
광활하다	광ː활하다
교감	교감
교도소	교ː도소
교란	교란
교묘하다	교묘하다
교무실	교ː무실
교섭	교섭
교원	교ː원
교육부	교ː육뿌
교육열	교ː융녈
교육적	교ː육쩍
교정	교ː정
교제	교제
교직	교ː직
교활하다	교활하다
교훈적	교ː훈적
구간	구간
구걸	구걸
구겨지다	구겨지다
구경꾼	구ː경꾼
구급차	구ː급차
구기	구기
구기다	구기다
구내식당	구내식땅
구독	구독
구두	구ː두
구르다	구ː르다
구매자	구매자
구박	구박
구불구불하다	구불구불하다
구비	구비
구사	구사
구사일생	구사일쌩
구상	구상
구석구석	구석꾸석
구성원	구성원
구슬	구슬
구실	구실
구애	구애
구어	구ː어
구원	구ː원
구인	구인
구인난	구인난
구절	구절
구제	구ː제
구조적	구조적
구직	구직
구직자	구직짜
구청	구청
구체화	구체화
구축	구축
구출	구ː출
구태여	구태여
구토	구토
구형	구형
구호	구ː호
국가적	국까적
국경	국꼉
국고	국꼬
국군	국꾼
국도	국또
국력	궁녁
국무총리	궁무총니
국민적	궁민적
국방	국빵
국방부	국빵부
국보	국뽀
국비	국삐
국세청	국쎄청
국악	구각
국왕	구광
국익	구긱
국장	국짱
국정	국쩡
국제적	국쩨적
국토	국토
국한	구칸
군	군
군데군데	군데군데
군밤	군ː밤
군중	군중
굳히다	구치다
굴곡	굴곡
굴다	굴ː다
굴뚝	굴ː뚝
굴러가다	굴ː러가다
굴레	굴레
굴리다	굴ː리다
굶주리다	굼ː주리다
굶주림	굼ː주림
궁	궁
궁궐	궁궐
궁극적	궁극쩍
궁금증	궁금쯩
궁리	궁니
궁중	궁중
궂다	굳따
권고	권ː고
권위적	궈뉘적
권익	궈닉
권장	권ː장
권총	권ː총
권태	권ː태
권투	권ː투
권한	권한
궤도	궤ː도
귀감	귀감
귀납적	귀ː납쩍
귀족	귀ː족
귀천	귀ː천
귀향	귀ː향
규범	규범
규율	규율
규제	규제
균	균
그간	그간
그나저나	그나저나
그때그때	그때그때
그르다	그르다
그리다	그리다
그리하여	그리하여
그물	그물
그윽하다	그으카다
그지없다	그지업따
극	극
극단적	극딴적
극대화	극때화
극도	극또
극성	극썽
극소수	극쏘수
극심하다	극씸하다
극적	극쩍
근	근ː
근간	근간
근검절약	근ː검저략
근력	글력
근로	글ː로
근면	근ː면
근사하다	근ː사하다
근시안	근ː시안
근원	그눤
근황	근ː황
글쓴이	글쓰니
금기	금ː기
금리	금니
금상첨화	금ː상첨화
금세	금세
금속	금속
금시초문	금시초문
금전	금전
금지옥엽	금지오겹
급	급
급격하다	급껴카다
급급하다	급끄파다
급기야	급끼야
급등	급뜽
급락	금낙
급류	금뉴
급변	급뼌
급상승	급쌍승
급성	급썽
급속	급쏙
급식	급씩
급여	그벼
긍정	긍ː정
긍지	긍ː지
기	기
기고	기고
기관지	기관지
기교	기교
기권	기꿘
기금	기금
기기	기기
기꺼이	기꺼이
기껏	기ː껃
기내	기내
기능적	기능적
기대감	기대감
기량	기량
기력	기력
기류	기류
기름기	기름끼
기름지다	기름지다
기리다	기리다
기린	기린
기립	기립
기막히다	기마키다
기만	기만
기말	기말
기묘하다	기묘하다
기미	기미
기발하다	기발하다
기법	기뻡
기부금	기부금
기상	기상
기상청	기상청
기색	기색
기성세대	기성세대
기세	기세
기술적	기술쩍
기습	기습
기아	기아
기압	기압
기약	기약
기어이	기어이
기어코	기어코
기업체	기업체
기와집	기와집
기웃거리다	기욷꺼리다
기원전	기원전
기원후	기원후
기이하다	기이하다
기인하다	기인하다
기일	기일
기저귀	기저귀
기절	기절
기점	기쩜
기증	기증
기질	기질
기체	기체
기특하다	기트카다
기틀	기틀
기품	기품
기피	기피
기필코	기필코
기하다	기하다
기한	기한
기행	기행
기행문	기행문
기호	기호
기호품	기호품
긴밀하다	긴밀하다
긴장감	긴장감
길들이다	길드리다
길쭉하다	길쭈카다
김장	김장
깃	긷
깃들다	긷뜰다
깃털	긷털
깊숙이	깁쑤기
까딱	까딱
까마득하다	까마드카다
까무러치다	까무러치다
까치	까ː치
깜짝하다	깜짜카다
깡충깡충	깡충깡충
깡통	깡통
깨소금	깨소금
깨우치다	깨우치다
꺼리다	꺼ː리다
꺼림칙하다	꺼림치카다
꺾이다	꺼끼다
껍데기	껍떼기
껴입다	껴입따
꼬다	꼬ː다
꼬르륵	꼬르륵
꼬마	꼬마
꼬박	꼬박
꼬박꼬박	꼬박꼬박
꼬이다	꼬이다
꼬집다	꼬집따
꼬치꼬치	꼬치꼬치
꼭꼭	꼭꼭
꼴	꼴
꼴불견	꼴불견
꼴찌	꼴찌
꼼짝없이	꼼짜겁씨
꽁꽁	꽁꽁
꽃샘추위	꼳쌤추위
꾸벅꾸벅	꾸벅꾸벅
꾸짖다	꾸짇따
꾹	꾹
꿈틀거리다	꿈틀거리다
꿰다	꿰ː다
꿰뚫다	꿰ː뚤타
꿰매다	꿰ː매다
뀌다	뀌ː다
끄집어내다	끄ː지버내다
끈기	끈기
끈끈하다	끈끈하다
끈질기다	끈질기다
끊이다	끄니다
끌려가다	끌ː려가다
끌어내다	끄ː러내다
끌어들이다	끄ː러드리다
끌어올리다	끄ː러올리다
끓어오르다	끄러오르다
끔찍이	끔찌기
끔찍하다	끔찌카다
끝장	끋짱
끼니	끼니
끼얹다	끼언따
나그네	나그네
나날	나날
나날이	나나리
나돌다	나돌다
나들이	나드리
나른하다	나른하다
나부끼다	나부끼다
나약하다	나ː야카다
나열	나열
나지막하다	나지마카다
나침반	나침반
낙	낙
낙관	낙꽌
낙관적	낙꽌적
낙방	낙빵
낙서	낙써
낙심	낙씸
낙원	나권
낙제	낙쩨
낙천적	낙천적
낙타	낙타
낙태	낙태
낙후	나쿠
낚다	낙따
낚시터	낙씨터
난	난
난간	난간
난감하다	난ː감하다
난관	난관
난데없이	난ː데업씨
난생	난ː생
난청	난청
난치병	난치뼝
난폭	난ː폭
날뛰다	날뛰다
날로	날로
날아들다	나라들다
날아오르다	나라오르다
남극	남극
남김없이	남기멉씨
남녀노소	남녀노소
남녀평등	남녀평등
남다르다	남다르다
남몰래	남몰래
남색	남색
남아	나마
남용	나ː묭
남짓	남짇
남한	남한
남향	남향
납득	납뜩
납부	납뿌
납작하다	납짜카다
납치	납치
낭독	낭ː독
낭만	낭ː만
낭만적	낭ː만적
낭송	낭ː송
낭패	낭ː패
낯	낟
낯익다	난닉따
낱낱이	난ː나치
낱말	난ː말
내걸다	내ː걸다
내기	내ː기
내던지다	내ː던지다
내딛다	내ː딛따
내려서다	내려서다
내륙	내ː륙
내리막길	내리막낄
내리치다	내리치다
내막	내ː막
내면	내ː면
내몰다	내ː몰다
내몰리다	내ː몰리다
내뱉다	내ː밷따
내보이다	내보이다
내복	내ː복
내비치다	내ː비치다
내뿜다	내ː뿜따
내쉬다	내ː쉬다
내실	내ː실
내심	내ː심
내역	내ː역
내오다	내ː오다
내용물	내ː용물
내장	내ː장
내적	내ː쩍
내젓다	내ː젇따
내지	내ː지
내지르다	내ː지르다
내치다	내ː치다
내키다	내ː키다
냉기	냉ː기
냉담하다	냉ː담하다
냉대	냉ː대
냉전	냉ː전
냉정	냉ː정
냉혹하다	냉ː호카다
너무하다	너무하다
너비	너비
넉	넉ː
넋	넉
널뛰기	널ː뛰기
널리다	널리다
넓적하다	넙쩌카다
넘나들다	넘ː나들다
넘보다	넘ː보다
네모나다	네ː모나다
년생	년생
노골적	노골쩍
노년	노ː년
노동력	노동녁
노령	노ː령
노른자	노른자
노릇	노륻
노리다	노리다
노부부	노ː부부
노사	노사
노숙자	노숙짜
노여움	노ː여움
노예	노예
노을	노을
노처녀	노ː처녀
노총각	노ː총각
노출	노출
노하다	노ː하다
노화	노ː화
노후	노ː후
녹슬다	녹쓸다
녹아내리다	노가내리다
녹지	녹찌
녹초	녹초
논	논
논란	놀란
논문	논문
논밭	논받
논설문	논설문
논술	논술
논증	논증
논평	논평
논하다	논하다
놈	놈
농가	농가
농경	농경
농도	농도
농수산물	농수산물
농악	농악
농어촌	농어촌
농작물	농장물
농장	농장
농축산물	농축싼물
높임법	노핌뻡
놓아주다	노아주다
뇌졸중	뇌졸쭝
누다	누다
누렇다	누ː러타
누리다	누리다
누비다	누비다
누이	누이
누전	누ː전
누출	누ː출
눈꺼풀	눈꺼풀
눈높이	눈노피
눈물겹다	눈물겹따
눈발	눈ː빨
눈사태	눈ː사태
눈살	눈쌀
눈여겨보다	눈녀겨보다
눈짓	눈찓
눈초리	눈초리
눈총	눈총
눈치채다	눈치채다
눌리다	눌ː리다
뉘우치다	뉘우치다
느닷없이	느다덥씨
느슨하다	느슨하다
늑대	늑때
늘어뜨리다	느러뜨리다
늘어지다	느러지다
늠름하다	늠ː늠하다
능동적	능동적
능률	능뉼
능사	능사
능숙하다	능수카다
능통하다	능통하다
능하다	능하다
다국적	다국쩍
다그치다	다그치다
다급하다	다그파다
다다르다	다다르다
다다익선	다다익썬
다량	다량
다름없이	다르멉씨
다발	다발
다방면	다방면
다분히	다분히
다스리다	다스리다
다시금	다시금
다시다	다시다
다양성	다양썽
다양화	다양화
다짜고짜	다짜고짜
다채롭다	다채롭따
닥치다	닥치다
단	단ː
단가	단까
단거리	단ː거리
단결	단결
단군	단군
단기간	단ː기간
단념	단ː념
단단히	단단히
단돈	단돈
단락	달락
단란하다	달란하다
단련	달련
단말기	단말기
단백질	단ː백찔
단번에	단버네
단서	단서
단숨에	단수메
단시간	단ː시간
단연	다ː년
단일	다닐
단적	단쩍
단절	단ː절
단정	단ː정
단조롭다	단조롭따
단축	단ː축
단합	단합
단호하다	단ː호하다
달구다	달구다
달라붙다	달라붇따
달리하다	달리하다
달아오르다	다라오르다
담담하다	담ː담하다
담보	담보
담장	담장
답례	담녜
답사	답싸
당	당
당구	당구
당국	당국
당뇨병	당뇨뼝
당당히	당당히
당락	당낙
당면	당면
당부	당부
당사자	당사자
당선	당선
당혹	당혹
대	대ː
대가족	대ː가족
대거	대ː거
대견하다	대견하다
대결	대ː결
대금	대ː금
대기만성	대ː기만성
대꾸	대ː꾸
대나무	대나무
대담	대ː담
대담하다	대ː담하다
대대로	대ː대로 
대대손손	대ː대손손
대대적	대ː대적 
대두	대두
대들다	대ː들다 
대등	대ː등
대뜸	대뜸
대략적	대ː략쩍
대륙	대ː륙
대리점	대ː리점
대머리	대ː머리
대명사	대ː명사
대목	대목
대보름	대ː보름
대본	대본
대북	대ː북
대성통곡	대ː성통곡
대수롭다	대ː수롭따
대안	대ː안
대양	대ː양
대여	대ː여
대우	대ː우
대원	대원
대인	대ː인
대장	대ː장
대조적	대ː조적
대중성	대ː중썽
대중적	대ː중적
대중화	대ː중화
대추	대ː추
대폭	대ː폭
대피	대ː피
대학가	대ː학까
대항	대ː항
대형차	대ː형차
댕기다	댕기다
더군다나	더군다나
더더욱	더더욱
더듬거리다	더듬거리다
더듬다	더듬따
더디다	더디다
더러	더러
더미	더미
더부룩하다	더부루카다
더없이	더업씨
덕목	덩목
덜렁대다	덜렁대다
덜컥	덜컥
덜하다	덜ː하다
덤	덤ː
덤벼들다	덤벼들다
덤비다	덤비다
덥히다	더피다
덧나다	던나다
덩달다	덩달다
덩치	덩치
덮치다	덥치다
도깨비	도깨비
도끼	도ː끼
도달	도ː달
도덕	도ː덕
도덕성	도ː덕썽
도덕적	도ː덕쩍
도둑맞다	도둥맏따
도래	도ː래
도리	도ː리
도립	도ː립
도맡다	도맏따
도매	도매
도모	도모
도박	도박
도보	도보
도시화	도시화
도약	도약
도우미	도우미
도처	도ː처
도태	도태
도표	도표
도피	도피
독거노인	독꺼노인
독립적	동닙쩍
독방	독빵
독사	독싸
독선적	독썬적
독성	독썽
독신	독씬
독자적	독짜적
독재	독째
독재자	독째자
독점	독쩜
독창성	독창썽
독창적	독창적
돈독하다	돈도카다
돋보이다	돋뽀이다
돋우다	도두다
돌아다보다	도라다보다
돌연변이	도련벼니
돌이키다	도리키다
돌파	돌파
동감	동감
동거	동거
동경	동ː경
동굴	동ː굴
동동	동동
동등	동등
동력	동ː녁
동맥	동ː맥
동문	동문
동문서답	동문서답
동반	동반
동병상련	동병상년
동사	동ː사
동상	동상
동상이몽	동상이몽
동성	동성
동시통역	동시통역
동식물	동ː싱물
동원	동ː원
동적	동쩍
동정	동정
동지	동지
동질성	동질썽
동참	동참
동행	동행
동향	동향
동향	동ː향
동호인	동호인
동화	동화
두각	두각
두근거리다	두근거리다
두꺼비	두꺼비
두들기다	두들기다
두루	두루
두텁다	두텁따
두툼하다	두툼하다
둑	둑
둔하다	둔ː하다
둘러앉다	둘러안따
둥그렇다	둥그러타
둥둥	둥둥
뒤덮다	뒤덥따
뒤덮이다	뒤더피다
뒤돌아보다	뒤ː도라보다
뒤바뀌다	뒤바뀌다
뒤섞이다	뒤서끼다
뒤엉키다	뒤엉키다
뒤엎다	뒤업따
뒤적이다	뒤저기다
뒤죽박죽	뒤죽빡쭉
뒤집어쓰다	뒤지버쓰다
뒤집히다	뒤지피다
뒤쫓다	뒤ː쫃따
뒤처지다	뒤ː처지다
뒤척이다	뒤처기다
뒤통수	뒤ː통수
뒤틀리다	뒤틀리다
뒤풀이	뒤ː푸리
뒤흔들다	뒤흔들다
뒷일	뒨ː닐
뒹굴다	뒹굴다
드러눕다	드러눕따
드리우다	드리우다
드세다	드세다
득점	득쩜
들	들ː
들끓다	들끌타
들뜨다	들뜨다
들락거리다	들락꺼리다
들락날락하다	들랑날라카다
들먹이다	들머기다
들썩이다	들써기다
들어맞다	드러맏따
들어앉다	드러안따
들어차다	드러차다
들여놓다	드려노타
들여다보이다	드려다보이다
들여오다	드려오다
들이닥치다	드리닥치다
들이대다	드리대다
들이마시다	드리마시다
들이밀다	드리밀다
들이켜다	드리켜다
들추다	들추다
들통	들통
들판	들ː판
듬뿍	듬뿍
등골	등꼴
등교	등교
등급	등ː급
등반	등반
등용문	등용문
등장인물	등장인물
등재	등재
등지	등ː지
등지다	등지다
디디다	디디다
딛다	딛따
따갑다	따갑따
따돌리다	따돌리다
따돌림	따돌림
따라나서다	따라나서다
따라잡다	따라잡따
따위	따위
딱하다	따카다
딱히	따키
딸리다	딸리다
때다	때ː다
때마침	때마침
때우다	때우다
떠내려가다	떠내려가다
떠넘기다	떠넘기다
떠다니다	떠다니다
떠돌다	떠돌다
떠돌아다니다	떠도라다니다
떠들썩하다	떠들써카다
떠맡다	떠맏따
떠밀리다	떠밀리다
떨구다	떨구다
떨치다	떨치다
떫다	떨ː따
떳떳하다	떧떠타다
또래	또래
또렷하다	또려타다
똑	똑
똑똑	똑똑
뚜렷이	뚜려시
뚝	뚝
뚝뚝	뚝뚝
뛰쳐나가다	뛰처나가다
뛰쳐나오다	뛰처나오다
뜨이다	뜨이다
뜯어내다	뜨더내다
뜯어보다	뜨더보다
뜸하다	뜸ː하다
띄우다	띠우다
란	란
마감	마감
마누라	마누라
마다하다	마ː다하다
마비	마비
마지못하다	마ː지모타다
마취	마취
막강	막깡
막다르다	막따르다
막대	막때
막대하다	막때하다
막론하다	망논하다
막막하다	망마카다
막무가내	망무가내
막바지	막빠지
막상막하	막쌍마카
막연히	마견히
막중하다	막쭝하다
막힘없이	마키멉씨
만병	만ː병
만사	만ː사
만세	만ː세
만연	마년
만장일치	만ː장일치
만족도	만족또
맏이	마지
맏형	마텽
말끝	말ː끋
말단	말딴
말문	말ː문
말미암다	말미암따
말솜씨	말ː쏨씨
말썽	말ː썽
말재주	말ː째주
망	망
망신	망신
망원경	망ː원경
망치	망치
맞대다	맏때다
맞들다	맏뜰다
맞먹다	만먹따
맞붙다	맏뿓따
맞아떨어지다	마자떠러지다
맞장구	맏짱구
맞춤	맏춤
매	매ː
매기다	매기다
매끄럽다	매끄럽따
매듭	매듭
매력적	매력쩍
매립	매립
매매	매매
매사	매ː사
매섭다	매섭따
매연	매연
매입	매ː입
매장	매장
매출	매ː출
매콤하다	매콤하다
맥	맥
맥락	맹낙
맥박	맥빡
맨손	맨손
맴돌다	맴ː돌다
맵시	맵씨
맹렬하다	맹ː녈하다
맹세	맹세
맺히다	매치다
머금다	머금따
머리기사	머리기사
머리맡	머리맏
머지않다	머지안타
먹구름	먹꾸름
먹음직스럽다	머금직쓰럽따
멋스럽다	먿쓰럽따
멍들다	멍들다
멍청하다	멍청하다
멍하니	멍ː하니
멍하다	멍ː하다
메마르다	메마르다
면	면
면도기	면ː도기
면모	면ː모
면세점	면ː세점
면역	며ː녁
면접시험	면ː접씨험
면제	면ː제
멸망	멸망
멸종	멸쫑
명당	명당
명랑	명낭
명료하다	명뇨하다
명목	명목
명문	명문
명백하다	명배카다
명백히	명배키
명복	명복
명분	명분
명사	명사
명상	명상
명성	명성
명소	명소
명승지	명승지
명중	명ː중
명칭	명칭
명품	명품
명확히	명화키
모국어	모ː구거
모닥불	모닥뿔
모발	모발
모방	모방
모범생	모범생
모색	모색
모서리	모서리
모순	모순
모욕	모ː욕
모유	모ː유
모음	모ː음
모조리	모조리
모질다	모ː질다
모친	모ː친
모퉁이	모퉁이
모형	모형
모호하다	모호하다
목격	목껵
목격자	목껵짜
목덜미	목떨미
목돈	목똔
목장	목짱
목재	목째
목적어	목쩌거
몰두하다	몰뚜하다
몰락	몰락
몰려가다	몰려가다
몰아가다	모라가다
몰아내다	모라내다
몰아넣다	모라너타
몰아붙이다	모라부치다
몰아쉬다	모라쉬다
몰아치다	모라치다
몰입	모립
몸집	몸찝
못마땅하다	몬ː마땅하다
묘미	묘ː미
묘지	묘ː지
묘하다	묘ː하다
무	무
무공해	무공해
무궁무진	무궁무진
무기력	무기력
무난하다	무난하다
무너뜨리다	무너뜨리다
무더기	무더기
무던히	무던히
무뚝뚝하다	무뚝뚜카다
무럭무럭	무렁무럭
무력	무ː력
무례	무례
무료하다	무료하다
무르다	무르다
무르익다	무르익따
무릅쓰다	무릅쓰다
무모하다	무모하다
무병장수	무병장수
무분별	무분별
무상	무상
무선	무선
무성하다	무ː성하다
무소식	무소식
무수하다	무수하다
무수히	무수히
무술	무ː술
무시무시하다	무시무시하다
무식	무식
무심코	무심코
무심히	무심히
무언	무언
무용지물	무용지물
무응답	무응답
무인	무인
무인도	무인도
무작정	무작쩡
무차별적	무차별쩍
무한	무한
무형	무형
무효	무효
묵념	뭉념
묵직하다	묵찌카다
묵히다	무키다
문과	문꽈
문구	문꾸
문단	문단
문상	문ː상
문안	무ː난
문어	무너 
문지르다	문지르다
문학적	문학쩍
문항	문ː항
문헌	문헌
문형	문형
문화생활	문화생활
문화유산	문화유산
물끄러미	물끄러미
물들이다	물드리다
물량	물량
물러가다	물러가다
물려받다	물려받따
물려주다	물려주다
물리	물리
물리적	물리적
물리치다	물리치다
물방울	물빵울
물자	물짜
물체	물체
물품	물품
뭉클하다	뭉클하다
미	미ː
미각	미각
미남	미ː남
미녀	미ː녀
미달	미ː달
미덕	미ː덕
미모	미ː모
미묘하다	미묘하다
미생물	미생물
미숙하다	미ː수카다
미술가	미ː술가
미아	미아
미약하다	미야카다
미역	미역
미용	미ː용
미적	미쩍
미적	미ː쩍
미정	미ː정
미지	미ː지
미혼모	미ː혼모
미흡하다	미ː흐파다
민간	민간
민간단체	민간단체
민감하다	민감하다
민망하다	민망하다
민박	민박
민속	민속
민요	미뇨
민주	민주
민주적	민주적
민주화	민주화
민첩하다	민처파다
믿음직스럽다	미듬직쓰럽따
밀도	밀또
밀려나다	밀려나다
밀려들다	밀려들다
밀려오다	밀려오다
밀림	밀림
밀어붙이다	미러부치다
밀어주다	미러주다
밀접	밀쩝
밀착	밀착
밑거름	믿꺼름
밑창	믿창
바깥일	바깐닐
바라다보다	바라다보다
바래다	바ː래다
바삐	바삐
바짝	바짝
바퀴벌레	바퀴벌레
박자	박짜
박탈	박탈
반감	반ː감
반나절	반ː나절
반도	반ː도
반도체	반ː도체
반듯하다	반드타다
반론	발ː론
반목	반ː목
반문	반ː문
반박	반ː박
반반	반ː반
반세기	반ː세기
반신욕	반ː신뇩
반주	반ː주
반쪽	반ː쪽
반칙	반ː칙
반항	반ː항
반환점	반환쩜
받들다	받뜰다
받치다	받치다
발각	발각
발굴	발굴
발단	발딴
발돋움	발도둠
발령	발령
발명가	발명가
발명품	발명품
발병	발병
발상	발쌍
발신자	발씬자
발언	바런
발전소	발쩐소
발표자	발표자
발효	발효
발휘	발휘
밤낮없이	밤나덥씨
밥벌이	밥뻐리
방귀	방ː귀
방망이	방망이
방범	방범
방사능	방ː사능
방송인	방ː송인
방수	방수
방어	방어
방언	방언
방영	방ː영
방음	방음
방청객	방청객
방치	방ː치
방침	방침
방패	방패
방황	방황
밭	받
배상	배상
배설	배설
배신	배ː신
배역	배ː역
배열	배ː열
배제	배제
배출	배출
배출	배ː출
배타적	배타적
배포	배ː포
배후	배ː후
백과사전	백꽈사전
백년해로	뱅년해로
백미	뱅미
백성	백썽
백수	백쑤
백제	백쩨
백지	백찌
백혈병	배켤뼝
버럭	버럭
버릇없다	버르덥따
벅차다	벅차다
번번이	번버니
번성	번성
번식	번식
번영	버녕
번지다	번ː지다
번쩍	번쩍
번창	번창
벌겋다	벌ː거타
벌판	벌판
범주	범ː주
범하다	범ː하다
범행	범ː행
법규	법뀨
법률가	범뉼가
법무부	범무부
법안	버반
법정	법쩡
벗	벋ː
벚꽃	벋꼳
베끼다	베끼다
베다	베ː다
벼락	벼락
벼르다	벼르다
벽돌	벽똘
벽화	벼콰
변	변
변기	변기
변덕	변ː덕
변두리	변두리
변모	변ː모
변변찮다	변변찬타
변수	변ː수
변신	변ː신
변천	변ː천
변함없다	변ː하멉따
변함없이	변ː하멉씨
변형	변ː형
변호	변ː호
변화무쌍	변ː화무쌍
별개	별개
별것	별걷
별나다	별라다
별안간	별안간
병동	병ː동
병명	병ː명
병상	병ː상
병세	병ː세
병아리	병아리
병적	병ː쩍
병행	병ː행
보건	보ː건
보건소	보ː건소
보글보글	보글보글
보답	보ː답
보류	보ː류
보배	보ː배
보복	보ː복
보상금	보ː상금
보수적	보ː수적
보약	보ː약
보유	보ː유
보육	보ː육
보육원	보ː유권
보자기	보자기
보잘것없다	보잘꺼덥따
보조금	보ː조금
보증	보증
보증금	보증금
보태다	보태다
보편적	보ː편적
보편화	보ː편화
보험료	보ː험뇨
보호자	보ː호자
복구	복꾸
복권	복꿘
복귀	복뀌
복리	봉니
복부	복뿌
복원	보권
복장	복짱
복제	복쩨
복종	복쫑
복지	복찌
복학	보칵
복합	보캅
복합적	보캅쩍
본	본
본격적	본껵쩍
본격화	본껴콰
본국	본국
본뜨다	본뜨다
본론	볼론
본명	본명
본문	본문
본받다	본받따
본사	본사
본선	본선
본성	본성
본전	본전
본질적	본질쩍
봉사자	봉ː사자
봉우리	봉우리
봐주다	봐ː주다
부가	부ː가
부각	부각
부고	부ː고
부과	부ː과
부닥치다	부닥치다
부담감	부ː담감
부당	부당
부도	부도
부도나다	부도나다
부도덕	부도덕
부득이	부드기
부디	부ː디
부르짖다	부르짇따
부릅뜨다	부릅뜨다
부사	부ː사
부설	부ː설
부시다	부시다
부실	부실
부양	부양
부여	부ː여
부유층	부ː유층
부유하다	부ː유하다
부응	부ː응
부인	부ː인
부임	부ː임
부재	부재
부진	부진
부쩍	부쩍
부착	부ː착
부채	부ː채
부추기다	부ː추기다
부축	부ː축
부패	부ː패
부풀다	부풀다
부풀리다	부풀리다
부피	부피
부하	부하
부활	부ː활
북극	북끅
북돋다	북똗따
북돋우다	북또두다
북받치다	북빧치다
북적거리다	북쩍꺼리다
북한	부칸
북향	부컁
분	분ː
분간	분간
분기	분기
분담	분담
분리수거	불리수거
분배	분배
분별	분별
분분하다	분분하다
분산	분산
분열	부녈
분유	부뉴
분쟁	분쟁
분주하다	분주하다
분출	분ː출
분하다	분하다
분해	분해
불경	불경
불경기	불경기
불과	불과
불과하다	불과하다
불길	불낄
불길하다	불길하다
불꽃놀이	불꼰노리
불량	불량
불량품	불량품
불러내다	불러내다
불러들이다	불러드리다
불러오다	불러오다
불면증	불면쯩
불명	불명
불모지	불모지
불분명하다	불분명하다
불상	불쌍
불성실	불썽실
불신	불씬
불쑥	불쑥
불안감	부란감
불안정	부란정
불어나다	부러나다
불어넣다	부러너타
불우	부루
불참	불참
불치병	불치뼝
불쾌지수	불쾌지수
불투명	불투명
불행히	불행히
불화	불화
불황	불황
불효자	불효자
붉은색	불근색
붉히다	불키다
붓	붇
붕대	붕대
붙들리다	붇뜰리다
비겁하다	비ː거파다
비관	비ː관
비관적	비ː관적
비굴하다	비ː굴하다
비극적	비ː극쩍
비단	비단
비둘기	비둘기
비뚤어지다	비뚤어지다
비례	비ː례
비료	비ː료
비리	비ː리
비리다	비리다
비밀스럽다	비ː밀스럽따
비방	비방
비상금	비ː상금
비서	비ː서
비속어	비ː소거
비스듬히	비스듬히
비약적	비약쩍
비염	비ː염
비웃음	비ː우슴
비위	비ː위
비유적	비ː유적
비정상적	비ː정상적
비좁다	비ː좁따
비참하다	비ː참하다
비평	비ː평
비품	비ː품
비하	비ː하
빈곤	빈곤
빈도	빈도
빈둥거리다	빈둥거리다
빈민	빈민
빈번하다	빈번하다
빈부	빈부
빈소	빈소
빈약	비냑
빈칸	빈ː칸
빈털터리	빈ː털터리
빈틈	빈ː틈
빈틈없다	빈ː트멉따
빈틈없이	빈ː트멉씨
빈혈	빈혈
빗기다	빋끼다
빗나가다	빈나가다
빙산	빙산
빙수	빙수
빙하	빙하
빚어지다	비저지다
빛내다	빈내다
빠듯하다	빠드타다
빡빡하다	빡빠카다
빤히	빤ː히
빼내다	빼ː내다
빼돌리다	빼ː돌리다
뺏기다	뺃ː끼다
뺑소니	뺑소니
뺨치다	뺨치다
뻔뻔하다	뻔뻔하다
뻔하다	뻔ː하다
뻔히	뻔ː히
뻗치다	뻗치다
뻘뻘	뻘뻘
뽐내다	뽐내다
뾰족하다	뾰조카다
뿌듯하다	뿌드타다
뿌리내리다	뿌리내리다
뿔	뿔
뿜다	뿜ː따
뿜어내다	뿌머내다
사각지대	사ː각찌대
사각형	사ː가켱
사격	사격
사고	사고
사고력	사고력
사공	사공
사교	사교
사교육	사교육
사교육비	사교육삐
사극	사ː극
사기	사ː기
사납다	사ː납따
사로잡히다	사로자피다
사리	사ː리
사면초가	사ː면초가
사무적	사ː무적 
사무적	사ː무적
사물놀이	사ː물로리
사뭇	사묻
사법	사법
사법부	사법뿌
사복	사복
사사건건	사ː사껀껀
사상가	사ː상가
사상누각	사상누각
사색	사색
사슬	사슬
사슴	사슴
사시사철	사ː시사ː철
사실상	사ː실쌍
사실적	사실쩍
사양	사양
사업주	사ː업쭈
사업체	사ː업체
사원	사원
사유	사ː유
사은품	사ː은품
사지	사ː지
사치	사치
사치스럽다	사치스럽따
사필귀정	사ː필귀정
사형	사ː형
사후	사ː후
삭막하다	상마카다
산간	산간
산골	산꼴
산더미	산떠미
산뜻하다	산뜨타다
산림	살림
산만하다	산ː만하다
산맥	산맥
산모	산ː모
산물	산ː물
산사태	산사태
산성	산성
산성비	산성비
산소	산소
산업화	사ː너퐈
산하	산하
살균	살균
살금살금	살금살금
살며시	살며시
살해	살해
삼가다	삼가다
삼각형	삼가켱
삼림욕	삼님뇩
삼복더위	삼복떠위
삼삼오오	삼사모오
상거래	상거래
상견례	상견녜
상냥하다	상냥하다
상당	상당
상당수	상당수
상류층	상ː뉴층
상반신	상ː반신
상봉	상봉
상부상조	상부상조
상세하다	상세하다
상속	상속
상승세	상ː승세 
상실	상실
상심	상심
상업적	상업쩍
상여	상여
상여금	상여금
상용	상용
상위	상ː위
상위권	상ː위꿘
상응	상응
상이하다	상이하다
상인	상인
상장	상짱
상주	상주
상차림	상차림
상체	상ː체
상표	상표
상품권	상품꿘
상향	상ː향
상호	상호
샅샅이	삳싸치
새까맣다	새까마타
새댁	새댁
새삼스럽다	새삼스럽따
새싹	새싹
새옹지마	새옹지마
새콤하다	새콤하다
새파랗다	새파라타
새하얗다	새하야타
색상	색쌍
색채	색채
샘	샘ː
샘물	샘ː물
생	생
생동감	생동감
생명력	생명녁
생명체	생명체
생물	생물
생사	생사
생산량	생산냥
생산성	생산썽
생산자	생산자
생산적	생산적
생산지	생산지
생성	생성
생소하다	생소하다
생수	생수
생애	생애
생전	생전
생태	생태
생필품	생필품
생활고	생활고
생활권	생활꿘
생활화	생활화
서구	서구
서글프다	서글프다
서두	서ː두
서론	서ː론
서리다	서리다
서먹하다	서머카다
서면	서면
서민	서ː민
서민적	서ː민적
서성거리다	서성거리다
서성이다	서성이다
서술	서ː술
서술어	서ː수러
서슴없이	서스멉씨
서신	서신
서양식	서양식
서열	서ː열
서예	서예
서재	서재
서평	서평
서향	서향
석	석ː
석사	석싸
석탄	석탄
선	선ː
선고	선고
선교	선교
선교사	선교사
선동적	선동적
선두	선두
선뜻	선뜯
선명하다	선명하다
선박	선박
선반	선반
선발	선ː발
선보이다	선ː보이다
선불	선불
선비	선비
선언	서넌
선입견	서닙껸
선정적	선정적
선조	선조
선착순	선착쑨
선천적	선천적
선출	선ː출
선풍적	선풍적
선하다	선ː하다
선행	선행
선행	선ː행
선호도	선ː호도
선후배	선후배
섣불리	섣ː뿔리
설	설
설교	설교
설득력	설뜽녁
설령	설령
설명문	설명문
설비	설비
설상가상	설쌍가상
설움	서ː룸
설치다	설치다
섬기다	섬기다
섬세하다	섬세하다
섬유	서뮤
섬유질	서뮤질
섭리	섬니
섭취	섭취
성경	성ː경
성금	성금
성급하다	성ː그파다
성냥	성냥
성년	성년
성능	성ː능
성대	성대
성대하다	성ː대하다
성묘	성묘
성분	성분
성비	성ː비
성사	성사
성수기	성ː수기
성실성	성실썽
성실히	성실히
성인	성ː인
성인병	성인뼝
성장기	성장기
성적	성ː쩍
성적순	성적쑨
성직자	성ː직짜
성차별	성ː차별
성취	성취
성취도	성취도
성품	성ː품
성하다	성하다
성향	성ː향
성형	성형
성화	성화
세관	세ː관
세균	세ː균
세면도구	세ː면도구
세밀하다	세ː밀하다
세부	세ː부
세심하다	세ː심하다
세차다	세ː차다
세태	세ː태
세포	세ː포
소개서	소개서
소동	소동
소란	소란
소란스럽다	소란스럽따
소량	소ː량
소름	소ː름
소매	소ː매
소멸	소멸
소모	소모
소박하다	소바카다
소비량	소비량
소속	소ː속
소송	소송
소식	소ː식
소신	소ː신
소실	소실
소심하다	소ː심하다
소아	소ː아
소양	소양
소위	소ː위
소유자	소ː유자
소인	소ː인
소장	소ː장
소재	소ː재
소지	소ː지
소질	소질
소통	소통
소품	소ː품
소형차	소ː형차
소홀히	소홀히
소화기	소화기
속력	송녁
속보	속뽀
속삭이다	속싸기다
속설	속썰
속성	속썽
속셈	속ː쎔
속속	속쏙
속속들이	속ː쏙뜨리
속수무책	속쑤무책
속어	소거
속임수	소김쑤
손가락질	손까락찔
손꼽다	손꼽따
손꼽히다	손꼬피다
손대다	손대다
손맛	손맏
손상	손ː상
손색	손ː색
손수	손수
손실	손ː실
손아귀	소나귀
손짓	손찓
솔	솔ː
솔깃하다	솔기타다
솜	솜ː
솟구치다	솓꾸치다
솟아나다	소사나다
솟아오르다	소사오르다
송금	송ː금
송년	송ː년
솥	솓
쇄도	쇄ː도
수강	수강
수긍	수긍
수녀	수녀
수다스럽다	수ː다스럽따
수당	수당
수동	수동
수두룩하다	수두루카다
수려하다	수려하다
수록	수록
수료	수료
수립	수립
수목	수목
수발	수발
수법	수뻡
수분	수분
수비	수비
수사	수ː사
수사관	수사관
수산	수산
수산물	수산물
수산업	수사넙
수상하다	수상하다
수색	수색
수석	수석
수소문	수소문
수송	수송
수수하다	수수하다
수신자	수신자
수염	수염
수완	수완
수월하다	수월하다
수익	수익
수익금	수익끔
수재민	수재민
수줍다	수줍따
수줍음	수주븜
수중	수중
수증기	수증기
수지	수지
수직	수직
수질	수질
수차례	수ː차례
수치	수치
수치	수ː치
수칙	수칙
수컷	수컫
수평	수평
수평선	수평선
수필	수필
수학	수학
수학여행	수항녀행
수해	수해
수험	수험
수험생	수험생
수혈	수혈
수화기	수화기
수확	수확
숙맥	숭맥
숙면	숭면
숙식	숙씩
순대	순대
순발력	순발력
순수	순수
순수성	순수썽
순응	수ː능
순전히	순전히
순조롭다	순ː조롭따
순환	순환
숨죽이다	숨ː주기다
숭고하다	숭고하다
숭늉	숭늉
숭배	숭배
쉽사리	쉽ː싸리
스러지다	스러지다
스며들다	스며들다
스미다	스미다
스승	스승
슬그머니	슬그머니
슬기롭다	슬기롭따
슬며시	슬며시
슬슬	슬슬
습관적	습꽌적
습득	습뜩
습성	습썽
승	승
승강기	승강기
승강장	승강장
승려	승녀
승마	승마
승부	승부
승승장구	승승장구
승인	승인
승자	승자
승합차	승합차
시각적	시ː각쩍
시간대	시간대
시간적	시간적
시급하다	시그파다
시급히	시그피
시기상조	시기상조
시끌벅적하다	시끌벅쩌카다
시냇물	시ː낸물
시늉	시늉
시대적	시대적
시련	시ː련
시름	시름
시리다	시리다
시립	시ː립
시무룩하다	시무루카다
시범	시ː범
시비	시ː비
시사	시사
시사하다	시ː사하다
시상	시ː상
시상식	시ː상식
시속	시속
시시각각	시시각깍
시시하다	시시하다
시신	시ː신
시원섭섭하다	시원섭써파다
시원시원하다	시원시원하다
시위	시ː위
시인	시ː인
시적	시쩍
시정	시ː정
시종일관	시ː종일관 
시중	시중
시청각	시ː청각
시체	시ː체
시치미	시치미
시커멓다	시커머타
시행착오	시ː행차고
식	식
식단	식딴
식량난	싱냥난
식민지	싱민지
식상하다	식쌍하다
식생활	식쌩활
식성	식썽
식수	식쑤
식습관	식씁꽌
식용	시굥
식은땀	시근땀
신경질	신경질
신경통	신경통
신곡	신곡
신규	신규
신기록	신기록
신도시	신도시
신명	신명
신물	신물
신바람	신빠람
신비롭다	신비롭따
신상	신상
신설	신설
신속	신ː속
신속히	신ː소키
신약	시냑
신음	시늠
신인	시닌
신임	시ː님
신임	시님
신자	신ː자
신장	신장
신종	신종
신중히	신ː중히
신진대사	신진대사
신축성	신축썽
신하	신하
신형	신형
실	실
실마리	실ː마리 
실망스럽다	실망스럽따 
실명	실명
실무	실무
실물	실물
실상	실쌍 
실상	실쌍
실속	실쏙
실시간	실씨간
실업률	시럼뉼
실업자	시럽짜
실용	시룡
실용성	시룡썽
실용화	시룡화
실재	실째
실적	실쩍
실정	실쩡
실직	실찍
실질	실찔
실질적	실찔쩍
실천적	실천적
실태	실태
실행	실행
실화	실화
심각성	심ː각썽
심경	심경
심사숙고	심ː사숙꼬
심성	심성
심술궂다	심술굳따
심신	심신
심야	시ː먀
심혈	심혈
심화	심ː화
심히	심ː히
십시일반	십씨일반
십자가	십짜가
십중팔구	십쭝팔구
싱그럽다	싱그럽따
싸늘하다	싸늘하다
싹	싹
싹트다	싹트다
쌍꺼풀	쌍꺼풀
쌍방	쌍방
쌍벽	쌍벽
썰매	썰매
썰물	썰물
쏘아보다	쏘아보다
쏙	쏙
쏜살같이	쏜살가치
쏠리다	쏠리다
쓰러뜨리다	쓰러뜨리다
쓰리다	쓰리다
쓸모	쓸모
씀씀이	씀쓰미
씁쓸하다	씁쓸하다
씩씩거리다	씩씩꺼리다
아기자기하다	아기자기하다
아낌없다	아끼멉따
아낌없이	아끼멉씨
아늑하다	아느카다
아득하다	아드카다
아랑곳없이	아랑고덥씨
아무쪼록	아ː무쪼록
아부	아부
아비	아비
아슬아슬	아스라슬
아열대	아ː열때
아우르다	아우르다
아장아장	아장아장
아찔하다	아찔하다
아흐레	아흐레
악	악
악마	앙마
악성	악썽
악순환	악쑨환
악역	아격
악영향	아경향
악용	아굥
악하다	아카다
안	안ː
안건	안ː껀
안달	안달
안도	안도
안락	알락
안락사	알락싸
안목	안ː목
안성맞춤	안성맏춤
안쓰럽다	안쓰럽따
안이하다	아니하다
안일	아닐
안절부절	안절부절
안정감	안정감
안정적	안정적
알뜰	알뜰
알몸	알몸
알선	알썬
알아차리다	아라차리다
알아채다	아라채다
암기력	암ː기력
암벽	암벽
암시	암ː시
암컷	암컫
암호	암ː호
암흑기	암ː흑끼
압도	압또
압도적	압또적
압박감	압빡깜
압축	압축
앞다투다	압따투다
앞당기다	압땅기다
앞장	압짱
앞지르다	압찌르다
애교	애ː교
애국	애ː국
애매하다	애ː매하다
애완	애ː완
애완견	애ː완견
애용	애ː용
애지중지	애ː지중지
애착	애ː착
애창곡	애ː창곡
애초	애초
애칭	애ː칭
애타다	애ː타다
애틋하다	애트타다
액체	액체
야광	야ː광
야기	야ː기
야단맞다	야ː단맏따
야단치다	야ː단치다
야당	야ː당
야무지다	야무지다
야생	야ː생
야영	야ː영
약물	양물
약세	약쎄
약소하다	약쏘하다
약자	약짜
약탈	약탈
약화	야콰
약효	야쿄
얄밉다	얄밉따
얌체	얌체
양가	양ː가
양로원	양ː노원
양반	양ː반
양상	양상
양성	양ː성
양손	양ː손
양육	양ː육
양질	양질
양초	양초
양측	양ː측
양치	양치
양해	양해
얕보다	얃뽀다
어간	어ː간
어감	어ː감
어금니	어금니
어김없이	어기멉씨
어둑어둑	어두거둑
어둑어둑하다	어두거두카다
어렴풋이	어렴푸시
어루만지다	어루만지다
어리둥절하다	어리둥절하다
어린이집	어리니집
어마어마하다	어마어마하다
어미	어미
어미	어ː미
어민	어민
어부지리	어부지리
어설프다	어ː설프다
어수선하다	어수선하다
어순	어ː순
어업	어업
어우러지다	어우러지다
어원	어ː원
어이없다	어이업따
어조	어ː조
어지럽히다	어지러피다
어지르다	어지르다
어찌	어찌
어처구니	어처구니
어처구니없다	어처구니업따
어투	어ː투
어학	어ː학
억누르다	엉누르다
억세다	억쎄다
억수	억쑤
억압	어갑
억제	억쩨
억지	억찌
언뜻	언뜯
언론사	얼론사
언론인	얼로닌
언짢다	언짠타
언행	언행
얹히다	언치다
얻어맞다	어ː더맏따
얼	얼ː
얼버무리다	얼버무리다
얼어붙다	어러붇따
얼핏	얼핏
얽매이다	엉매이다
얽히다	얼키다
엄격히	엄껴키
엄두	엄두
엄살	엄살
엄중하다	엄중하다
엄지	엄지
엄지손가락	엄지손까락
엄청	엄청
엄하다	엄하다
업소	업쏘
업자	업짜
업종	업쫑
엇갈리다	얻깔리다
엉금엉금	엉금엉금
엉기다	엉기다
엉성하다	엉성하다
엉엉	엉엉
엉키다	엉키다
엎다	업따
에워싸다	에워싸다
여당	여ː당
여드레	여드레
여러모로	여러모로
여론	여ː론
여류	여류
여리다	여리다
여사	여사
여성적	여성적
여아	여아
여야	여ː야
여우	여우
여전하다	여전하다
여정	여정
여지	여지
여태	여태
여파	여파
역겹다	역꼅따
역경	역꼉
역대	역때
역도	역또
역동적	역똥적
역량	영냥
역지사지	역찌사지
엮이다	여끼다
연금	연금
연날리기	연날리기
연대	연대
연령층	열령층
연료	열료
연말연시	연말련시
연비	연비
연상	연상
연수	연ː수
연약하다	여ː냐카다
연연하다	여ː년하다
연예	여ː녜
연일	여닐
연잇다	연닏따
연장자	연장자
연재	연재
연주자	연ː주자
연중	연중
연초	연초
연평균	연평균
연하	연하
열거	열거
열광	열광
열대	열때
열대야	열때야
열등감	열뜽감
열띠다	열띠다
열람실	열람실
열량	열량
열렬하다	열렬하다
열망	열망
열성	열썽
열성적	열썽적
열악하다	여라카다
열풍	열풍
염두	염ː두
염려	염ː녀
염소	염소
염원	여ː뭔
염증	염쯩
염치	염치
엿새	엳쌔
영광	영광
영락없이	영나겁씨
영리	영니
영문	영문
영세민	영세민
영양가	영양까
영양사	영양사
영양소	영양소
영입	영입
영장	영짱
영재	영재
영토	영토
영화제	영화제
옆구리	엽꾸리
예견	예ː견
예년	예ː년
예능	예ː능
예리하다	예ː리하다
예문	예ː문
예물	예물
예민하다	예ː민하다
예배	예배
예사롭다	예ː사롭따
예술성	예ː술썽
예술품	예ː술품
예시	예ː시
예언	예ː언
예전	예ː전
예정일	예ː정일
예체능	예ː체능
옛말	옌ː말
오기	오ː기
오누이	오누이
오래가다	오래가다
오류	오ː류
오르막길	오르막낄
오른팔	오른팔
오름세	오름세
오리다	오리다
오만	오ː만
오붓하다	오부타다
오죽	오죽
오줌	오줌
옥상	옥쌍
온난화	온난화
온대	온대
온돌	온돌
온수	온수
온전하다	온ː전하다
온전히	온ː전히
온화하다	온화하다
올바로	올바로
옷감	옫깜
옷깃	옫낃
옷자락	옫짜락
옹기종기	옹기종기
완곡하다	완ː고카다
완공	완공
완료	왈료
완만하다	완ː만하다
완성도	완성도
완주	완주
완치	완치
완쾌	완쾌
완화	완ː화
왈가왈부	왈가왈부
왕궁	왕궁
왕권	왕꿘
왕래	왕ː내
왕위	왕위
왕자	왕자
왕조	왕조
왜곡	왜곡
왜소하다	왜소하다
요건	요껀
요란	요란
요령	요령
요양	요양
요양원	요양원
요원	요원
요점	요쩜
요컨대	요컨대
욕구	욕꾸
욕설	욕썰
용기	용기
용량	용냥
용례	용ː녜
용모	용모
용법	용ː뻡
용이하다	용이하다
용지	용ː지
용하다	용ː하다
우거지다	우거지다
우기	우ː기
우대	우대
우두커니	우두커니
우뚝	우뚝
우량	우량
우러나다	우러나다
우렁차다	우렁차다
우르르	우르르
우발적	우ː발쩍
우선순위	우선수뉘
우성	우성
우세	우세
우수성	우수썽
우스꽝스럽다	우스꽝스럽따
우여곡절	우여곡쩔
우열	우열
우울증	우울쯩
우월	우월
우위	우위
우유부단	우유부단
우직하다	우지카다
우파	우ː파
우호적	우ː호적
우후죽순	우ː후죽쑨
운명적	운ː명적
운송	운ː송
운수업	운ː수업
운용	우ː뇽
운전자	운ː전자
운항	운ː항
울렁거리다	울렁거리다
울먹이다	울머기다
울부짖다	울부짇따
울창하다	울창하다
울타리	울타리
울퉁불퉁	울퉁불퉁
울퉁불퉁하다	울퉁불퉁하다
움츠리다	움츠리다
움켜잡다	움켜잡따
움켜쥐다	움켜쥐다
웃돌다	욷똘다
웅성웅성	웅성웅성
웅장하다	웅장하다
웅크리다	웅크리다
원가	원까
원격	원ː격
원고	원고
원금	원금
원동력	원동녁
원료	월료
원망	원ː망
원본	원본
원산지	원산지
원색적	원색쩍
원수	원ː수
원시	원시
원심력	원ː심녁
원어민	워너민
원유	워뉴
원자력	원자력
원작	원작
원장	원장
원조	원ː조
원주민	원주민
원형	원형
원화	원화
원활	원활
월간	월간
월차	월차
위급하다	위그파다
위독하다	위도카다
위력	위력
위법	위법
위상	위상
위생	위생
위생적	위생적
위성	위성
위안	위안
위암	위암
위염	위염
위원	위원
위인	위인
위조	위조
위주	위주
위축	위축
위태롭다	위태롭따
위화감	위화감
유	유ː
유가	유까
유감	유감
유골	유골
유권자	유ː꿘자
유기농	유ː기농
유난스럽다	유ː난스럽따
유대감	유대감
유독	유독
유동	유동
유동적	유동적
유래	유래
유례	유ː례
유망	유ː망
유발	유발
유비무환	유ː비무환
유사	유ː사
유서	유서
유세	유ː세
유식하다	유ː시카다
유심히	유ː심히
유아	유아
유언	유언
유언비어	유언비어
유연성	유연썽
유연하다	유연하다
유용	유ː용
유유상종	유ː유상종
유익	유ː익
유일무이	유일무이
유입	유입
유전	유전
유전병	유전뼝
유전자	유전자
유창성	유창썽
유출	유출
유치	유치
유포	유포
유해	유ː해
유행가	유행가
유효	유ː효
유흥비	유흥비
유희	유히
육로	융노
육류	융뉴
육상	육쌍
육식	육씩
육아	유가
윤	윤ː
윤리	율리
윤리적	율리적
율동	율똥
융통성	융통썽
융합	융합
으레	으레
으르다	으르다
으스대다	으스대다
은근히	은근히
은사	은사
은은하다	으는하다
읊다	읍따
음모	음모
음질	음질
음치	음치
음향	음향
응급	응ː급
응급조치	응ː급쪼치
응답자	응ː답짜
응모	응ː모
응용	응ː용
응하다	응ː하다
의	의ː
의과	의꽈
의도적	의ː도적
의례적	의례적
의료	의료
의리	의ː리
의사소통	의ː사소통
의생활	의생활
의성어	의성어
의술	의술
의식적	의ː식쩍
의식적	의ː식쩍 
의식주	의식쭈 
의아하다	의아하다
의약품	의약품
의욕적	의ː욕쩍
의원	의원
의젓하다	의저타다
의존도	의존도
의존적	의존적
의태어	의태어
의하다	의하다
의학	의학
의학적	의학쩍
의향	의ː향
의혹	의혹
이것저것	이걷쩌걷
이견	이ː견
이글거리다	이글거리다
이기심	이ː기심
이끌리다	이끌리다
이다	이다
이득	이ː득
이듬해	이듬해
이따금	이따금
이래	이ː래
이레	이레
이력	이ː력
이례적	이ː례적
이론적	이ː론적
이루	이루
이륙	이ː륙
이를테면	이를테면
이름나다	이름나다
이면	이ː면
이면지	이ː면지
이산가족	이ː산가족
이상형	이ː상형
이색적	이ː색쩍
이성적	이ː성적
이슬	이슬
이식	이식
이심전심	이ː심전심
이어받다	이어받따
이어서	이어서
이열치열	이ː열치열
이왕이면	이ː왕이면
이윤	이ː윤
이점	이ː쩜
이제껏	이제껃
이주	이주
이주민	이주민
이중	이ː중
이직	이직
이직률	이징뉼
이치	이ː치
이탈	이ː탈
이행	이ː행
익명	잉명
익살스럽다	익쌀스럽따 
인	인
인간미	인간미
인건비	인껀비
인격적	인껵쩍
인공위성	인공위성
인권	인꿘
인근	인근
인내	인내
인내심	인내심
인도적	인도적
인명	인명
인문학	인문학
인색	인색
인생관	인생관
인성	인성
인위적	이뉘적
인적	인쩍
인종	인종
인지	인지
인지도	인지도
인출	인출
인파	인파
일간지	일간지
일감	일ː깜
일거양득	일거양득
일과	일과
일관성	일관썽
일광욕	일광뇩
일그러지다	일그러지다
일깨우다	일깨우다
일념	일렴
일다	일ː다
일대일	일때일
일련	일련
일례	일례
일류	일류
일리	일리
일몰	일몰
일반석	일반석
일방적	일방적
일삼다	일ː삼따
일상화	일쌍화
일원	이뤈
일자	일짜
일정량	일쩡냥
일제히	일쩨히
일주	일쭈
일찌감치	일찌감치
일컫다	일컫따
일탈	일탈
일터	일ː터
일화	일화
일환	일환
임기	임ː기
임대	임ː대
임대료	임ː대료
임명	임ː명
임산부	임ː산부
임신부	임ː신부
임업	이멉
임용	이ː묭
임원	이ː뭔
임종	임종
임하다	임하다
입가	입까
입상	입쌍
입실	입씰
입양	이뱡
입증	입쯩
입지	입찌
잇달다	읻ː딸다
잇몸	인몸
자가	자가
자각	자각
자갈	자갈
자국	자국
자그마하다	자그마하다
자극적	자ː극쩍
자금	자금
자급자족	자급짜족
자기중심적	자기중심적
자네	자네
자립	자립
자만	자만
자모	자모
자문	자ː문
자발적	자발쩍
자백	자백
자산	자산
자상하다	자상하다
자선	자선
자손	자손
자수	자수
자수성가	자수성가
자신만만하다	자신만만하다
자아	자아
자아실현	자아실현
자연재해	자연재해
자영업	자영업
자원봉사	자원봉사
자원봉사자	자원봉사자
자유분방	자유분방
자유자재	자유자재
자율	자율
자율성	자율썽
자율적	자율쩍
자음	자음
자자손손	자자손손
자장가	자장가
자재	자재
자정	자정
자제	자제
자질	자질
자체	자체
자초지종	자초지종
자취	자취
자치	자치
자칫	자칟
자칫하다	자치타다
자태	자태
작별	작뼐
작성자	작썽자
작심삼일	작씸사밀
작정	작쩡
잔고	잔고
잔인하다	자닌하다
잔잔하다	잔잔하다
잘다	잘다
잠꼬대	잠꼬대
잠자리	잠짜리
잠자코	잠자코
잠잠하다	잠잠하다
잠재력	잠재력
잡다하다	잡따하다
잡담	잡땀
잡아가다	자바가다
잡아끌다	자바끌다
잡아내다	자바내다
잡음	자븜
잡초	잡초
잡화	자퐈
장	장ː
장거리	장거리
장군	장군
장기	장끼
장기	장기
장년	장ː년
장단	장단
장담	장ː담
장래성	장내썽
장려	장ː녀
장례	장ː녜
장만	장만
장바구니	장빠구니
장본인	장보닌
장비	장비
장시간	장시간
장신구	장신구
장악	장ː악
장애물	장애물
장유유서	장ː유유서
장인	장인
장차	장차
장치	장치
장학생	장ː학쌩
잦다	잗따
재개발	재ː개발
재고	재ː고
재기	재ː기
재난	재난
재단	재단
재력	재력
재롱	재롱
재무	재무
재물	재물
재배	재ː배
재벌	재벌
재빠르다	재빠르다
재수	재ː수
재앙	재앙
재원	재원
재정	재정
재정적	재정적
재직	재ː직
재질	재질
재촉	재촉
재충전	재ː충전
재치	재치
재해	재해
재현	재ː현
재혼	재ː혼
재활	재ː활
잽싸다	잽싸다
쟁점	쟁쩜
저가	저ː까
저고리	저고리
저기압	저ː기압
저리다	저리다
저물다	저물다
저버리다	저버리다
저서	저ː서
저소득	저ː소득
저승	저승
저작권	저ː작꿘
저조	저ː조
저출산	저ː출싼
저하	저ː하
저학력	저ː항녁
저항	저ː항
저해	저해
저혈압	저ː혀랍
적금	적끔
적대	적때
적도	적또
적령기	정녕기
적립	정닙
적발	적빨
적색	적쌕
적시다	적씨다
적응력	저긍녁
적잖다	적ː짠타
적절히	적쩔히
적정	적쩡
적합	저캅
전구	전ː구
전기	전기
전년	전년
전념	전념
전담	전담
전동	전ː동
전등	전ː등
전래	절래
전략	절ː략
전략적	절ː략쩍
전력	절력
전력	절ː력
전망대	전ː망대
전면	전면
전면적	전면적
전무후무	전무후무
전문성	전문썽
전반	전반
전반부	전반부
전반적	전반적
전성기	전성기
전송	전ː송
전시관	전ː시관
전신	전신
전액	저낵
전업	저넙
전역	저녁
전염	저념
전염병	저념뼝
전유물	저뉴물
전율	저ː뉼
전자	전자
전쟁터	전ː쟁터
전적	전쩍
전직	전직
전통문화	전통문화
전투	전ː투
전파	전파
전학	전ː학
전형	전ː형
전형적	전ː형적
전화위복	전ː화위복
전환	전ː환
전환기	전ː환기
전환점	전ː환쩜
절감	절감
절다	절ː다
절도	절또
절로	절로
절벽	절벽
절실하다	절씰하다
절이다	저리다
절전	절쩐
절정	절쩡
절제	절쩨
절친하다	절친하다
점령	점녕
점유율	저뮤율
점진적	점ː진적
점치다	점치다
점포	점ː포
접대	접때
접전	접쩐
접종	접쫑
정	정ː
정감	정감
정겹다	정겹따
정교하다	정교하다
정권	정꿘
정규	정ː규
정규직	정ː규직
정년	정년
정답다	정답따
정당하다	정ː당하다
정밀	정밀
정복	정복
정비	정ː비
정사각형	정ː사가켱
정상	정상
정상화	정ː상화
정서	정서
정서적	정서적
정성껏	정성껃
정성스럽다	정성스럽따
정세	정세
정신과	정신꽈
정신력	정신녁
정연하다	정연하다
정열	정녈
정열적	정녈쩍
정월	정월
정적	정쩍
정적	정적
정전	정전
정점	정쩜
정정당당하다	정ː정당당하다
정중하다	정ː중하다
정책적	정책쩍
정체	정ː체
정체	정체
정체기	정체기
정체성	정ː체썽
정치가	정치가
정통	정ː통
정화	정화
정확성	정ː확썽
젖히다	저치다
제각기	제각끼
제값	제갑
제과	제ː과
제기	제기
제대	제대
제도적	제ː도적
제멋대로	제먿때로
제비	제ː비
제작자	제ː작짜
제재	제ː재
제정	제ː정
제조	제ː조
제조업	제ː조업
제치다	제치다
제패	제ː패 
조개	조개
조국	조국
조그마하다	조그마하다
조급하다	조ː그파다
조리법	조리뻡
조리사	조리사
조립	조립
조마조마	조마조마
조만간	조ː만간
조문	조ː문
조문객	조ː문객
조부모	조부모
조사	조ː사
조선	조선
조선업	조ː서넙
조성	조ː성
조세	조세
조심조심	조ː심조심
조연	조ː연
조이다	조이다
조작	조작
조장	조ː장
조종	조종
조종사	조종사
조직	조직
조직적	조직쩍
조짐	조짐
조치	조치
조합	조합
조형미	조ː형미
조화롭다	조화롭따
족하다	조카다
존댓말	존댄말
존엄성	조넘썽
졸리다	졸리다
졸이다	조리다
졸지	졸찌
종	종
종결	종결
종료	종뇨
종목	종ː목
종사자	종사자
종전	종전
종착역	종창녁
종합적	종합쩍
좌우명	좌ː우명
좌절	좌ː절
좌파	좌ː파
주가	주까
주거	주ː거
주거비	주ː거비
주거지	주ː거지
주관	주관
주권	주꿘
주기	주기
주년	주년
주도	주도
주도적	주도적
주력	주력
주례	주례
주류	주류
주름살	주름쌀
주무르다	주무르다
주방장	주방장
주범	주범
주생활	주ː생활
주선	주선
주어	주어
주역	주역
주연	주연
주재료	주재료
주전	주전
주체	주체
주택가	주ː택까
준수	준ː수
준수하다	준ː수하다
줄다리기	줄다리기
줄줄이	줄주리
줄짓다	줄짇따
중개	중개
중개인	중개인
중공업	중ː공업
중년	중년
중대	중ː대
중도	중도
중략	중냑
중력	중ː녁
중립	중닙
중립적	중닙쩍
중매	중매
중병	중ː병
중복	중ː복
중산층	중산층
중상	중ː상
중성	중성
중세	중세
중소	중소
중시	중ː시
중요시	중ː요시
중점	중ː쩜
중점적	중ː쩜적
중증	중ː쯩
중지	중지
즈음	즈음
즐비하다	즐비하다
즙	즙
증가세	증가세
증권	증꿘
증대	증대
증발	증발
증오	증오
증원	증원
증정	증정
증진	증진
증후군	증후군
지구력	지구력
지구촌	지구촌
지그시	지그시
지극하다	지그카다
지껄이다	지꺼리다
지대	지대
지독하다	지도카다
지름	지름
지리	지리
지리적	지리적
지망	지망
지면	지면
지명	지명
지문	지문
지배	지배
지배적	지배적
지사	지사
지상	지상
지성	지성
지속	지속
지속적	지속쩍
지수	지수
지연	지연
지원금	지원금
지원서	지원서
지원자	지원자
지인	지인
지장	지장
지적	지쩍
지점	지점
지지	지지
지지율	지지율
지침	지침
지표	지표
지향	지향
지형	지형
지휘	지휘
직	직
직거래	직꺼래 
직관	직꽌
직무	징무
직사각형	직싸가켱
직선적	직썬적
직속	직쏙
직위	지귀
직전	직쩐
직종	직쫑
진공청소기	진공청소기
진급	진ː급
진땀	진땀
진료	질ː료
진보	진ː보
진보적	진ː보적
진상	진상
진수성찬	진수성찬
진열	지ː녈
진영	지녕
진입	지ː닙
진작	진ː작
진전	진ː전
진정	진정
진정	진ː정
진지	진ː지
진취적	진ː취적
진풍경	진풍경
진화	진ː화
진흙	진흑
진흥	진ː흥
질기다	질기다
질량	질량
질리다	질리다
질적	질쩍
질환	질환
짊어지다	질머지다
집값	집깝
집단적	집딴적
집사람	집싸람
집중력	집쭝녁
집집	집찝
집착	집착
집필	집필
짓궂다	짇ː꾿따
짓누르다	진누르다
짓밟다	짇빱따
짓밟히다	짇빨피다
징그럽다	징그럽따
징역	징역
짜릿하다	짜리타다
짜임새	짜임새
짝사랑	짝싸랑
짤막하다	짤마카다
짭짤하다	짭짤하다
째려보다	째려보다
쩔쩔매다	쩔쩔매다
쪼개다	쪼개다
쪼그리다	쪼그리다
쪼다	쪼ː다
쪽지	쪽찌
쭈그리다	쭈그리다
쯧쯧	쯛쯛
찌꺼기	찌꺼기
찌들다	찌들다
찌뿌드드하다	찌뿌드드하다
찔리다	찔리다
찜	찜
찜질방	찜질방
찡하다	찡하다
찢기다	찓끼다
찧다	찌타
차곡차곡	차곡차곡
차관	차관
차근차근	차근차근
차단	차ː단
차림	차림
차별화	차별화
차분하다	차분하다
차분히	차분히
차일피일	차일피일
차장	차장
차지	차지
차질	차질
착륙	창뉵
착실하다	착씰하다
착오	차고
착용	차굥
찬란하다	찰ː란하다
찬반	찬ː반
찬사	찬ː사
찬송가	찬ː송가
찰칵	찰칵
참가자	참가자
참견	참견
참맛	참맏
참배	참배
참새	참새
참신하다	참ː신하다
참을성	차믈썽
참치	참치
찹쌀	찹쌀
창백하다	창배카다
창업	창ː업
창작품	창ː작품
창조적	창ː조적
창출	창ː출
찾아들다	차자들다
채	채
채다	채다
채식	채ː식
채용	채ː용
책자	책짜
처	처
처가	처가
처량하다	처량하다
처마	처마
처지	처ː지
처지다	처ː지다
처참하다	처ː참하다
처치	처ː치
척척	척척
척추	척추
천	천ː
천막	천막
천만다행	천만다행
천부적	천부적
천생연분	천생년분
천연	처년
천지	천지
천차만별	천차만별
천하다	천ː하다
철강	철강
철거	철거
철새	철쌔
철수	철쑤
철저	철쩌
철학	철학
철학적	철학쩍
첨가	첨가
첨단	첨단
첨예하다	처몌하다
첫인사	처딘사
첫차	첟차
청각	청각
청구	청구
청색	청색
청자	청자
청중	청중
청춘	청춘
청취자	청취자
체감	체감
체격	체격
체내	체내
체념	체념
체류	체류
체벌	체벌
체육	체육
체제	체제
체증	체증
체질	체질
체포	체포
체형	체형
초가집	초가집
초고속	초고속
초과	초과
초능력	초능녁
초등	초등
초라하다	초라하다
초래	초래
초면	초면
초상	초상
초순	초순
초원	초원
초월	초월
초월적	초월쩍
초인종	초인종
초창기	초창기
촉각	촉깍
촉진	촉찐
촉촉하다	촉초카다
총각	총ː각
총액	총ː액
총장	총ː장
총체적	총ː체적
추격	추격
추구	추구
추락	추락
추리다	추리다
추모	추모
추상적	추상적
추세	추세
추수	추수
추신	추신
추이	추이
추적	추적
추정	추정
추첨	추첨
축복	축뽁
축산물	축싼물
축산업	축싸넙
축축하다	축추카다
출간	출간
출금	출금
출동	출똥
출력	출력
출마	출마
출범	출범
출산율	출싼뉼
출생	출쌩
출세	출쎄
출시	출씨
출입구	추립꾸
출전	출쩐
출제	출쩨
출처	출처
출출하다	출출하다
출판사	출판사
출품	출품
출혈	출혈
충동	충동
충실	충실
충실히	충실히
충전	충전
충족	충족
충치	충치
충혈	충혈
취급	취ː급
취득	취ː득
취사	취ː사
취약	취ː약
취업률	취ː엄뉼
취임	취ː임
취지	취ː지
취학	취ː학
측정	측쩡
치닫다	치닫따
치매	치매
치명적	치ː명적
치밀다	치밀다
치밀하다	치밀하다
치솟다	치솓따
치아	치아
치안	치안
치열하다	치열하다
치욕	치욕
치우치다	치우치다
치유	치유
치중	치ː중
치켜들다	치켜들다
치통	치통
친교	친교
친근감	친근감
친근하다	친근하다
친밀	친밀
친밀감	친밀감
친분	친분
친숙하다	친수카다
친족	친족
친지	친지
친화	친화
친화력	친화력
친환경	친환경
칠전팔기	칠쩐팔기
칠하다	칠하다
침략	침냑
침범	침ː범
침수	침수
침입	치ː밉
침착	침착
침체	침체
침체기	침체기
침해	침ː해
칭하다	칭하다
캐다	캐ː다
캐묻다	캐ː묻따
콧날	콘날
쾌감	쾌감
쾌락	쾌락
쾌활하다	쾌활하다
큰소리치다	큰소리치다
큰절	큰절
큼직하다	큼지카다
타격	타ː격
타당성	타ː당썽
타당하다	타ː당하다
타산지석	타산지석
타이르다	타이르다
타협	타ː협
탁	탁
탁월하다	타궐하다
탁하다	타카다
탄력	탈ː력
탄산음료	탄ː사늠뇨
탄성	탄ː성
탄수화물	탄ː수화물
탄식	탄ː식
탄압	타ː납
탄탄하다	탄탄하다
탄탄히	탄탄히
탈	탈ː
탈락	탈락
탈모	탈모
탈춤	탈ː춤
탐구	탐구
탐색	탐색
탐험	탐험
탓	탇
태교	태교
태몽	태몽
태아	태아
태양열	태양녈
터	터
터놓다	터노타
터득	터ː득
터무니없다	터무니업따
터전	터전
터트리다	터ː트리다
턱없이	터겁씨
털썩	털썩
털어놓다	터러노타
털옷	터롣
털털하다	털털하다
테두리	테두리
토대	토대
토막	토막
토양	토양
토지	토지
톡톡	톡톡
톡톡히	톡토키
통념	통념
통로	통노
통보	통보
통상	통상
통속	통속
통신비	통신비
통용	통용
통제	통ː제
통조림	통조림
통째	통째
통치	통ː치
통쾌하다	통ː쾌하다
통틀다	통틀다
통풍	통풍
통학	통학
통합	통ː합
투고	투고
투기	투기
투덜거리다	투덜거리다
투명	투명
투박하다	투바카다
투병	투병
투입	투입
투자자	투자자
투쟁	투쟁
투정	투정
투철하다	투철하다
툭	툭
툭툭	툭툭
툭하면	투카면
퉁퉁	퉁퉁
튀다	튀다
트다	트다
트림	트ː림
트이다	트이다
트집	트집
특강	특깡
특권	특꿘
특별	특뼐
특산물	특싼물
특색	특쌕
특수성	특쑤썽
특유	트규
특이	트기
특질	특찔
특집	특찝
특징적	특찡적
특허	트커
튼튼히	튼튼히
틀	틀
틀어막다	트러막따
틀어박히다	트러바키다
틈새	틈새
티	티
티격태격하다	티격태겨카다
티끌	티끌
파격	파ː격
파격적	파ː격쩍
파견	파견
파고들다	파고들다
파급	파급
파내다	파내다
파란만장	파란만장
파멸	파ː멸
파문	파문
파묻다	파묻따
파묻히다	파무치다
파악	파악
파업	파ː업
파장	파장
파하다	파ː하다
파헤치다	파헤치다
판	판
판결	판결
판매량	판매량
판매원	판매원
판명	판명
판소리	판쏘리
판이하다	파니하다
판정	판정
판촉	판촉
팔방미인	팔방미인
팔아먹다	파라먹따
팔자	팔짜
팔짱	팔짱
팥	팓
패	패ː
패	패
패기	패ː기
패다	패다
패배	패ː배
패자	패ː자
패하다	패ː하다
팽개치다	팽개치다
팽창	팽창
팽팽하다	팽팽하다
퍼뜨리다	퍼ː뜨리다
퍼붓다	퍼붇따
펄럭이다	펄러기다
펄쩍	펄쩍
펄펄	펄펄
펑	펑
편두통	편두통
편들다	편들다
편안히	펴난히
편입	펴닙
편집	편집
편파적	편파적
평	평
평론	평ː논
평면	평면
평생직장	평생직짱
평야	평야
평온	평온
평이하다	평이하다
평지	평지
평평하다	평평하다
평화적	평화적
포기	포기
포부	포ː부
포옹	포ː옹
포용	포ː용
포장마차	포장마차
폭	폭
폭격	폭껵
폭등	폭뜽
폭락	퐁낙
폭력적	퐁녁쩍
폭로	퐁노
폭발적	폭빨쩍
폭식	폭씩
폭염	포겸
폭죽	폭쭉
폭탄	폭탄
폭파	폭파
폭풍	폭풍
폭행	포캥
표기	표기
표기법	표기뻡
표류	표류
표면적	표면적
표명	표명
표방	표방
표본	표본
표어	표어
표적	표적
표출	표출
푸근하다	푸근하다
푸념	푸념
푸대접	푸대접
푸른색	푸른색
푸짐하다	푸짐하다
푹신하다	푹씬하다
푹푹	푹푹
풀려나다	풀려나다
풀어내다	푸러내다
풀어놓다	푸러노타
품격	품ː껵
품목	품ː목
품위	푸ː뮈
품종	품ː종
품행	품ː행
풋풋하다	푿푸타다
풍년	풍년
풍력	풍녁
풍성하다	풍성하다
풍요	풍요
풍요롭다	풍요롭따
풍자	풍자
풍조	풍조
풍족하다	풍조카다
풍토	풍토
피고	피ː고
피고인	피ː고인
피력	피력
피로연	피로연
피리	피리
피부과	피부꽈
피살	피ː살
피차	피ː차
필연적	피련적
필자	필짜
핑	핑
하객	하ː객
하교	하ː교
하나같이	하나가치
하락	하ː락
하락세	하ː락쎄
하루빨리	하루빨리
하루아침	하루아침
하루하루	하루하루
하류	하ː류
하마터면	하마터면
하물며	하물며
하반기	하ː반기
하반신	하ː반신
하소연	하소연
하순	하ː순
하여간	하여간
하염없이	하여멉씨
하위	하ː위
하인	하ː인
하자	하자
하찮다	하찬타
하천	하천
하체	하ː체
하필	하필
하향	하ː향
학대	학때
학문적	항문적
학번	학뻔
학벌	학뻘
학살	학쌀
학술	학쑬
학식	학씩
학업	하겁
학위	하귀
학점	학쩜
학창	학창
한가롭다	한가롭따
한갓	한갇
한결같다	한결갇따
한결같이	한결가치
한과	한ː과
한껏	한ː껃
한낱	한낟
한눈팔다	한ː눈팔다
한데	한데
한도	한ː도
한몫	한목
한바탕	한바탕
한반도	한ː반도
한발	한발
한복판	한복판
한사코	한ː사코
한산하다	한산하다
한심하다	한심하다
한약	하ː냑
한우	하ː누
한자리	한자리
한자어	한ː짜어
한적하다	한저카다
한정	한ː정
한정하다	한ː정하다
한차례	한차례
한탄	한ː탄
한탕	한탕
한파	한파
한하다	한ː하다
할퀴다	할퀴다
핥다	할따
함	함ː
함께하다	함께하다
함박눈	함방눈
함성	함ː성
함정	함ː정
함축	함축
함흥차사	함흥차사
합당하다	합땅하다
합동	합똥
합류	함뉴
합리	함니
합법적	합뻡쩍
합성	합썽
합창	합창
항공기	항ː공기
항공사	항ː공사
항구	항ː구
항로	항ː노
항목	항ː목
항문	항문
항생제	항ː생제
항아리	항아리
항암	항ː암
해고	해ː고
해군	해ː군
해답	해ː답
해독	해ː독
해명	해ː명
해박하다	해바카다
해발	해ː발
해상	해ː상
해수욕	해ː수욕
해약	해ː약
해양	해ː양
해열제	해ː열쩨
해일	해ː일
해저	해ː저
해제	해ː제
해직	해ː직
해체	해ː체
해학적	해학쩍
핵	핵
핵가족	핵까족
핵심적	핵씸적
햅쌀	햅쌀
햇곡식	핻꼭씩
행	행
행렬	행녈
행방	행방
행세	행세
행인	행인
행적	행적
행정부	행정부
행진	행진
향기롭다	향기롭따
향후	향ː후
허겁지겁	허겁찌겁
허공	허공
허구	허구
허기	허기
허둥지둥	허둥지둥
허름하다	허름하다
허망	허망
허무	허무
허물다	허물다
허비	허비
허술하다	허술하다
허옇다	허ː여타
허위	허위
허전하다	허전하다
허점	허쩜
허탈	허탈
허파	허파
헌법	헌ː뻡
헌신	헌ː신
헌신적	헌ː신적
헌혈	헌ː혈
헐값	헐깝
헐다	헐ː다
헐뜯다	헐ː뜯따
헐렁하다	헐렁하다
헐레벌떡	헐레벌떡
험난하다	험ː난하다
험담	험ː담
험악하다	허ː마카다
헛걸음	헏꺼름
헛디디다	헏띠디다
헛소문	헏쏘문
헛수고	헏쑤고
헤어나다	헤어나다
헤집다	헤집따
헤치다	헤치다
헤프다	헤ː프다
헷갈리다	헫깔리다
헹구다	헹구다
혁명	형명
혁신	혁씬
혁신적	혁씬적
현	현ː
현기증	현ː기쯩
현명하다	현명하다
현모양처	현모양처
현실성	현ː실썽
현안	혀ː난
현저하다	현ː저하다
현저히	현ː저히
현지	현ː지
현직	현ː직
현황	현ː황
혈관	혈관
혈압	혀랍
혈액	혀랙
혈액형	혀래켱
혈연	혀련
혐오	혀모
협동	협똥
협동심	협똥심
협박	협빡
협상	협쌍
협약	혀뱍
협정	협쩡
형광등	형광등
형부	형부
형사	형사
형상	형상
형식적	형식쩍
형용사	형용사
형용하다	형용하다
형편없다	형펴넙따
호들갑	호들갑
호소	호소
호우	호우
호응	호응
호전	호ː전
호젓하다	호저타다
호조	호ː조
호출	호출
호칭	호칭
호칭어	호칭어
호평	호ː평
호화	호화
호황	호ː황
호흡기	호흡끼
혹시나	혹씨나
혹평	혹평
혼	혼
혼동	혼ː동
혼란	홀ː란
혼란스럽다	홀ː란스럽따
혼례	홀례
혼인	호닌
혼잡	혼ː잡
혼잣말	혼잔말
혼합	혼ː합
홀가분하다	홀가분하다
홀로	홀로
홍색	홍색
화두	화두
화목	화목
화물	화ː물
화법	화뻡
화사하다	화사하다
화산	화ː산
화살	화살
화상	화ː상
화자	화자
화장	화ː장
화초	화초
화학	화ː학
화합	화합
확고하다	확꼬하다
확률	황뉼
확립	황닙
확연히	화견히
확정	확쩡
확충	확충
환갑	환ː갑
환기	환ː기
환원	화눤
환절기	환ː절기
환호	환호
환희	환히
환히	환ː히
활	활
활기차다	활기차다
활력	활력
활력소	활력쏘
활성화	활썽화
활약	화략
활자	활짜
황금	황금
황금기	황금기
황급히	황그피
황당하다	황당하다
황량하다	황냥하다
황사	황사
황색	황색
황제	황제
황혼	황혼
효	효ː
효녀	효ː녀
효능	효ː능
효력	효ː력
효용	효ː용
효율	효ː율
후각	후각
후기	후ː기
후대	후ː대
후련하다	후련하다
후반부	후ː반부
후보자	후보자
후속	후ː속
후손	후ː손
후원	후ː원
후원자	후ː원자
후유증	후ː유쯩
후일	후ː일
후임	후ː임
후자	후ː자
후진	후ː진
후하다	후ː하다
훈훈하다	훈훈하다
훌쩍	훌쩍
훑다	훌따
훑어보다	훌터보다
훔쳐보다	훔처보다
훗날	훈ː날
훤하다	훤ː하다
훤히	훤ː히
훨훨	훨훨
훼손	훼ː손
휘감다	휘감따
휘날리다	휘날리다
휘다	휘다
휘두르다	휘두르다
휘말리다	휘말리다
휘발유	휘발류
휘젓다	휘젇따 
휙	휙
휩싸이다	휩싸이다
휩쓸다	휩쓸다
휩쓸리다	휩쓸리다
휴게소	휴게소
휴대용	휴대용
휴무	휴무
휴전	휴전
휴직	휴직
흉하다	흉하다
흐느끼다	흐느끼다
흐릿하다	흐리타다
흐뭇하다	흐무타다
흐트러지다	흐트러지다
흑색	흑쌕
흑자	흑짜
흘기다	흘기다
흘러들다	흘러들다
흠	흠ː
흠뻑	흠뻑
흡사	흡싸
흡연	흐변
흥	흥ː
흥겹다	흥ː겹따
흥미진진하다	흥ː미진진하다
흥얼거리다	흥얼거리다
흥청망청	흥청망청
흥행	흥행
흩날리다	흔날리다
희귀하다	히귀하다
희로애락	히로애락
희미하다	히미하다
희박하다	히바카다
희소식	히소식
희한하다	히한하다
힐끔거리다	힐끔거리다
힐끗	힐끋
힘겹다	힘겹따
거의	거의
거의	거이
계단	계단
계단	게단
계란	계란
계란	게란
계산	계ː산
계산	게ː산
계속	계ː속
계속	게ː속
계시다	계ː시다
계시다	게ː시다
계절	계ː절
계절	게ː절
계획	계ː획
계획	게ː훽
관계	관계
관계	관게
교과서	교ː과서
교과서	교ː꽈서
교회	교ː회
교회	교ː훼
기회	기회
기회	기훼
김밥	김ː밥
김밥	김ː빱
대회	대ː회
대회	대ː훼
되다	되다
되다	뒈다
된장	된ː장
된장	뒌ː장
된장찌개	된ː장찌개
된장찌개	뒌ː장찌개
뛰어가다	뛰어가다
뛰어가다	뛰여가다
맛있다	마딛따
맛있다	마싣따
멋있다	머딛따
멋있다	머싣따
바닷가	바다까
바닷가	바닫까
뵙다	뵙ː따
뵙다	뷉ː따
사계절	사ː계절
사계절	사ː게절
삼계탕	삼계탕
삼계탕	삼게탕
세계	세ː계
세계	세ː게
숫자	수ː짜
숫자	숟ː짜
시계	시계
시계	시게
안되다	안되다
안되다	안뒈다
어젯밤	어제빰
어젯밤	어젣빰
열쇠	열ː쐬
열쇠	열ː쒜
오래되다	오래되다
오래되다	오래뒈다
오랫동안	오래똥안
오랫동안	오랟똥안
외국	외ː국
외국	웨ː국
외국어	외ː구거
외국어	웨ː구거
외국인	외ː구긴
외국인	웨ː구긴
외롭다	외롭따
외롭다	웨롭따
외우다	외우다
외우다	웨우다
외출	외ː출
외출	웨ː출
왼손	왼ː손
왼손	웬ː손
왼쪽	왼ː쪽
왼쪽	웬ː쪽
이삿짐	이사찜
이삿짐	이삳찜
잘되다	잘되다
잘되다	잘뒈다
잘못되다	잘몯뙤다
잘못되다	잘몯뛔다
점수	점쑤
점수	점수
젓가락	저까락
젓가락	젇까락
죄송하다	죄ː송하다
죄송하다	줴ː송하다
참외	차뫼
참외	차뭬
최고	최ː고
최고	췌ː고
최근	최ː근
최근	췌ː근
출퇴근	출퇴근
출퇴근	출퉤근
칫솔	치쏠
칫솔	칟쏠
퇴근	퇴ː근
퇴근	퉤ː근
퇴원	퇴ː원
퇴원	퉤ː원
편의점	펴늬점
편의점	펴니점
해외	해ː외
해외	해ː웨
해외여행	해ː외여행
해외여행	해ː웨여행
햇빛	해삗
햇빛	핻삗
회	회
회	훼
회사	회ː사
회사	훼ː사
회사원	회ː사원
회사원	훼ː사원
회색	회색
회색	훼색
회원	회ː원
회원	훼ː원
회의	회ː의
회의	훼ː이
횡단보도	횡단보도
횡단보도	휑단보도
강의	강ː의
강의	강:이
강의실	강ː의실
강의실	강ː이실
개최	개최
개최	개췌
경계	경계
경계	경게
계곡	계곡
계곡	게곡
계기	계ː기
계기	게ː기
계산기	계ː산기
계산기	게ː산기
계산대	계ː산대
계산대	게ː산대
계약	계ː약
계약	게ː약
계약금	계ː약끔
계약금	게ː약끔
계좌	계ː좌
계좌	게ː좌
계층	계층
계층	게층
고춧가루	고추까루
고춧가루	고춛까루
과외	과외
과외	과웨
관계없다	관계업따
관계없다	관게업따
관계없이	관계업씨
관계없이	관게업씨
관계있다	관계읻따
관계있다	관게읻따
관계자	관계자
관계자	관게자
괴로움	괴로움
괴로움	궤로움
괴로워하다	괴로워하다
괴로워하다	궤로워하다
괴롭다	괴롭따
괴롭다	궤롭따
괴롭히다	괴로피다
괴롭히다	궤로피다
굉장하다	굉장하다
굉장하다	궹장하다
굉장히	굉장히
굉장히	궹장히
교외	교외
교외	교웨
국외	구괴
국외	구궤
국회	구쾨
국회	구퀘
금융	금늉
금융	그뮹
기계	기계
기계	기게
기획	기획
기획	기훽
끼어들다	끼어들다
끼어들다	끼여들다
나뭇가지	나무까지
나뭇가지	나묻까지
내외	내ː외
내외	내ː웨
논의	노늬
논의	노니
뇌	뇌
뇌	눼
단계	단계
단계	단게
동의	동의
동의	동이
동창회	동창회
동창회	동창훼
동호회	동호회
동호회	동호훼
되게	되ː게
되게	뒈ː게
되도록	되도록
되도록	뒈도록
되돌리다	되돌리다
되돌리다	뒈돌리다
되돌아가다	되도라가다
되돌아가다	뒈도라가다
되돌아오다	되도라오다
되돌아오다	뒈도라오다
되살리다	되살리다
되살리다	뒈살리다
되살아나다	되사라나다
되살아나다	뒈사라나다
되찾다	되찯따
되찾다	뒈찯따
되풀이	되푸리
되풀이	뒈푸리
두뇌	두뇌
두뇌	두눼
뒷골목	뒤ː꼴목
뒷골목	뒫ː꼴목
뒷산	뒤ː싼
뒷산	뒫ː싼
뛰어나다	뛰어나다
뛰어나다	뛰여나다
뛰어나오다	뛰어나오다
뛰어나오다	뛰여나오다
뛰어내리다	뛰어내리다
뛰어내리다	뛰여내리다
뛰어넘다	뛰어넘따
뛰어넘다	뛰여넘따
뛰어놀다	뛰어놀다
뛰어놀다	뛰여놀다
뛰어다니다	뛰어다니다
뛰어다니다	뛰여다니다
뛰어들다	뛰어들다
뛰어들다	뛰여들다
머릿속	머리쏙
머릿속	머릳쏙
못되다	몯ː뙤다
못되다	몯ː뛔다
무의미	무의미
무의미	무이미
문의	무ː늬
문의	무ː니
민주주의	민주주의
민주주의	민주주이
반값	반ː갑
반값	반ː깝
발표회	발표회
발표회	발표훼
뱃속	배쏙
뱃속	밷쏙
범죄	범ː죄
범죄	범ː줴
벽시계	벽씨계
벽시계	벽씨게
뵈다	뵈ː다
뵈다	붸ː다
부잣집	부ː자찝
부잣집	부ː잗찝
부주의	부주의
부주의	부주이
불법	불법
불법	불뻡
비롯되다	비롣뙤다
비롯되다	비롣뛔다
빗방울	비빵울
빗방울	빋빵울
사회	사회
사회	사훼
사회생활	사회생활
사회생활	사훼생활
사회자	사회자
사회자	사훼자
사회적	사회적
사회적	사훼적
세계적	세ː계적
세계적	세ː게적 
세계적	세ː게적
세계화	세ː계화
세계화	세ː게화
세련되다	세ː련되다
세련되다	세ː련뒈다
손목시계	손목씨계
손목시계	손목씨게
송별회	송ː별회
송별회	송ː별훼
쇠	쇠
쇠	쉐
쇠고기	쇠ː고기
쇠고기	쉐ː고기
시외	시ː외
시외	시ː웨
쐬다	쐬ː다
쐬다	쒜ː다
아래층	아래층
아래층	아랟층
아랫사람	아래싸람
아랫사람	아랟싸람
아랫집	아래찝
아랫집	아랟찝
야외	야ː외
야외	야ː웨
업계	업꼐
업계	업께
연주회	연ː주회
연주회	연ː주훼
열쇠고리	열ː쐬고리
열쇠고리	열ː쒜고리
예외	예ː외
예외	예ː웨
예의	예의
예의	예이
외	외ː
외	웨ː
외갓집	외ː가찝
외갓집	웨ː갇찝
외과	외ː꽈
외과	웨ː꽈
외교	외ː교
외교	웨ː교
외교관	외ː교관
외교관	웨ː교관
외로움	외로움
외로움	웨로움
외면	외ː면
외면	웨ː면
외모	외ː모
외모	웨ː모
외박	외ː박
외박	웨ː박
외부	외ː부
외부	웨ː부
외삼촌	외ː삼촌
외삼촌	웨ː삼촌
외숙모	외ː숭모
외숙모	웨ː숭모
외식	외ː식
외식	웨ː식
외아들	외아들
외아들	웨아들
외출복	외ː출복
외출복	웨ː출복
외치다	외치다
외치다	웨치다
외투	외ː투
외투	웨ː투
외할머니	외ː할머니
외할머니	웨ː할머니
왼발	왼ː발
왼발	웬ː발
왼편	왼ː편
왼편	웬ː편
우회전	우ː회전
우회전	우ː훼전
위원회	위원회
위원회	위원훼
윗사람	위싸람
윗사람	윋싸람
은혜	은혜
은혜	은헤
음악회	으마쾨
음악회	으마퀘
의외	의ː외
의외	의ː웨
이외	이ː외
이외	이ː웨
이해관계	이ː해관계
이해관계	이ː해관게
인간관계	인간관계
인간관계	인간관게
일회용	일회용
일회용	일훼용
일회용품	일회용품
일회용품	일훼용품
전시회	전ː시회
전시회	전ː시훼
정의	정ː의
정의	정ː이
정형외과	정ː형외꽈
정형외과	정ː형웨꽈
제외	제외
제외	제웨
좌회전	좌ː회전
좌회전	좌ː훼전
죄	죄ː
죄	줴ː
주의	주ː의
주의	주ː이
지폐	지폐
지폐	지페
지혜	지혜
지혜	지헤
지혜롭다	지혜롭따
지혜롭다	지헤롭따
찾아뵙다	차자뵙따
찾아뵙다	차자뷉따
체계	체계
체계	체게
최고급	최ː고급
최고급	췌ː고급
최대	최ː대
최대	췌ː대
최대한	최ː대한
최대한	췌ː대한
최선	최ː선
최선	췌ː선
최소	최ː소
최소	췌ː소
최소한	최ː소한
최소한	췌ː소한
최신	최ː신
최신	췌ː신
최저	최ː저
최저	췌ː저
최종	최ː종
최종	췌ː종
최초	최ː초
최초	췌ː초
토의	토ː의
토의	토ː이
통계	통ː계
통계	통ː게
퇴직	퇴ː직
퇴직	퉤ː직
파괴	파ː괴
파괴	파ː궤
편의	펴늬
편의	펴니
폐지	폐ː지
폐지	페ː지
핑계	핑계
핑계	핑게
한계	한ː계
한계	한ː게
합계	합꼐
합계	합께
합의	하븨
합의	하비
항의	항ː의
항의	항ː이
햇볕	해뼏
햇볕	핻뼏
햇살	해쌀
햇살	핻쌀
혜택	혜ː택
혜택	헤ː택
화폐	화ː폐
화폐	화ː페
환영회	화녕회
환영회	화녕훼
회	회ː
회	훼ː
회담	회ː담
회담	훼ː담
회복	회복
회복	훼복
회비	회ː비
회비	훼ː비
회식	회ː식
회식	훼ː식
회의실	회ː의실
회의실	훼ː이실
회장	회ː장
회장	훼ː장
회화	회ː화
회화	훼ː화
횟수	회쑤
횟수	휃쑤
효과	효ː과
효과	효ː꽈
효과적	효ː과적
효과적	효ː꽈적
후회	후ː회
후회	후ː훼
후회스럽다	후ː회스럽따
후회스럽다	후ː훼스럽따
가계	가계
가계	가게
가요계	가요계
가요계	가요게
각계	각꼐
각계	각께
각계각층	각꼐각층
각계각층	각께각층
간담회	간ː담회
간담회	간ː담훼
감언이설	가먼니설
감언이설	가머니설
감회	감ː회
감회	감ː훼
개인주의	개ː인주의
개인주의	개ː인주이
건의	거ː늬 
건의	거ː니
결의	겨릐
결의	겨리
경계	경ː계
경계	경ː게
계	계:
계	게:
계급	계급
계급	게급
계발	계ː발
계발	게ː발
계승	계ː승
계승	게ː승
계열	계ː열
계열	게ː열
계통	계ː통
계통	게ː통
계획적	계ː획쩍
계획적	게ː훽쩍
고되다	고되다
고되다	고뒈다
고의	고ː의
고의	고ː이
골칫거리	골치꺼리
골칫거리	골칟꺼리
공산주의	공ː산주의
공산주의	공ː산주이
괴물	괴ː물
괴물	궤ː물
교과	교ː과
교과	교ː꽈
구두쇠	구두쇠
구두쇠	구두쉐
구태의연하다	구ː태의연하다
구태의연하다	구ː태이연하다
국내외	궁내외
국내외	궁내웨
군계일학	군계일학
군계일학	군게일학
귓속말	귀쏭말
귓속말	귇쏭말
그릇되다	그륻뙤다
그릇되다	그륻뛔다
금융업	금늉업
금융업	그뮹업
금의환향	그ː믜환향
금의환향	그ː미환향
기념회	기념회
기념회	기념훼
기어가다	기어가다
기어가다	기여가다
기어들다	기어들다
기어들다	기여들다
기어오르다	기어오르다
기어오르다	기여오르다
깃발	기빨
깃발	긷빨
꾀	꾀
꾀	꿰
꾀하다	꾀하다
꾀하다	꿰하다
냇가	내ː까
냇가	낻ː까
노폐물	노ː폐물
노폐물	노ː페물
뇌물	뇌물
뇌물	눼물
뇌사	뇌사
뇌사	눼사
단계적	단계적
단계적	단게적
대외	대ː외
대외	대ː웨
되뇌다	되뇌다
되뇌다	뒈눼다
되돌아보다	되도라보다
되돌아보다	뒈도라보다
되묻다	되묻따
되묻다	뒈묻따
되새기다	되새기다
되새기다	뒈새기다
된소리	된ː소리
된소리	뒌ː소리
뒷걸음	뒤ː꺼름
뒷걸음	뒫ː꺼름
뒷바라지	뒤ː빠라지
뒷바라지	뒫ː빠라지
뒷받침	뒤ː빧침
뒷받침	뒫ː빧침
뒷전	뒤ː쩐
뒷전	뒫ː쩐
뛰어오다	뛰어오다
뛰어오다	뛰여오다
띄어쓰기	띠어쓰기
띄어쓰기	띠여쓰기
면회	면ː회
면회	면ː훼
미어지다	미어지다
미어지다	미여지다
민족주의	민족쭈의
민족주의	민족쭈이
박람회	방남회
박람회	방남훼
밧줄	바쭐
밧줄	받쭐
배회	배회
배회	배훼
범죄자	범ː죄자
범죄자	범ː줴자
별의별	벼릐별
별의별	벼레별
불가사의	불가사의
불가사의	불가사이
불의	부릐
불의	부리
붕괴	붕괴
붕괴	붕궤
빗줄기	비쭐기
빗줄기	빋쭐기
사퇴	사퇴
사퇴	사퉤
사회주의	사회주의
사회주의	사훼주이
상갓집	상가찝
상갓집	상갇찝
상의	상의
상의	상이
생계	생계
생계	생게
생태계	생태계
생태계	생태게
선의	서ː늬
선의	서ː니
설계	설계
설계	설게
섭외	서뵈
섭외	서붸
성의	성의
성의	성이
성형외과	성형외꽈
성형외과	성형웨꽈
세계관	세ː계관
세계관	세ː게관
소외	소외
소외	소웨
소외감	소외감
소외감	소웨감
쇠퇴	쇠퇴
쇠퇴	쉐퉤
수혜자	수혜자
수혜자	수헤자
시사회	시ː사회
시사회	시ː사훼
신의	시ː늬
신의	시ː니
실업계	시럽꼐
실업계	시럽께
실외	시뢰
실외	시뤠
심의	시ː믜
심의	시ː미
악의	아긔
악의	아기
안간힘	안깐힘
안간힘	안간힘
야유회	야ː유회
야유회	야ː유훼
여의다	여의다
여의다	여이다
역효과	여쿄과
역효과	여쿄꽈
연계	연계
연계	연게
열의	여릐
열의	여리
예외적	예ː외적
예외적	예ː웨적
예의범절	예의범절
예의범절	예이범절
외동딸	외동딸
외동딸	웨동딸
외동아들	외동아들
외동아들	웨동아들
외래	외ː래
외래	웨ː래
외래어	외ː래어
외래어	웨ː래어
외무	외ː무
외무	웨ː무
외식비	외ː식삐
외식비	웨ː식삐
외신	외ː신
외신	웨ː신
외양	외ː양
외양	웨ː양
외유내강	외ː유내강
외유내강	웨ː유내강
외적	외ː쩍
외적	웨ː쩍
외제	외ː제
외제	웨ː제
외향적	외ː향적
외향적	웨ː향적
외향적	외ː향적 
외형	외ː형
외형	웨ː형
외형적	외ː형적
외형적	웨ː형적
외화	외ː화
외화	웨ː화
외환	외ː환
외환	웨ː환
용의자	용의자
용의자	용이자
위계질서	위계질써
위계질서	위게질써
유의	유의
유의	유이
은퇴	은퇴
은퇴	은퉤
의뢰	의뢰
의뢰	의뤠
의외로	의ː외로
의외로	의ː웨로
의의	의ː의
의의	의ː이
의회	의회
의회	의훼
이기주의	이ː기주의
이기주의	이ː기주이
이의	이ː의
이의	이ː이
인문계	인문계
인문계	인문게
인상착의	인상차긔
인상착의	인상차기
자본주의	자본주의
자본주의	자본주이
자연계	자연계
자연계	자연게
자외선	자ː외선
자외선	자ː웨선
전셋값	전세깝
전셋값	전섿깝
정계	정계
정계	정게
정년퇴직	정년퇴직
정년퇴직	정년퉤직
제의	제의
제의	제이
조의	조ː의
조의	조ː이
조의금	조ː의금
조의금	조ː이금
조퇴	조ː퇴
조퇴	조ː퉤
조회	조ː회
조회	조ː훼
좌담회	좌ː담회
좌담회	좌ː담훼
죄송스럽다	죄ː송스럽따
죄송스럽다	줴ː송스럽따
죄인	죄ː인
죄인	줴ː인
죄책감	죄ː책깜
죄책감	줴ː책깜
주되다	주되다
주되다	주뒈다
주식회사	주시쾨사
주식회사	주시퀘사
주의	주의
주의	주이
주최	주최
주최	주췌
중계	중계
중계	중게
질의	지릐
질의	지리
집회	지푀
집회	지풰
창의력	창ː의력
창의력	창ː이력
창의성	창ː의썽
창의성	창ː이썽
창의적	창ː의적
창의적	창ː이적
체계적	체계적
체계적	체게적
최강	최ː강
최강	췌ː강
최고령	최ː고령
최고령	췌ː고령
최고조	최ː고조
최고조	췌ː고조
최소화	최ː소화
최소화	췌ː소화
최신형	최ː신형
최신형	췌ː신형
최악	최ː악
최악	췌ː악
최연소	최ː연소
최연소	췌ː연소
최우수	최ː우수
최우수	췌ː우수
최적	최ː적
최적	췌ː적
최첨단	최ː첨단
최첨단	췌ː첨단
최후	최ː후
최후	췌ː후
콧등	코뜽
콧등	콛뜽
탈의실	타릐실
탈의실	타리실
탈퇴	탈퇴
탈퇴	탈퉤
퇴임	퇴ː임
퇴임	퉤ː임
퇴장	퇴ː장
퇴장	퉤ː장
퇴직금	퇴ː직끔
퇴직금	퉤ː직끔
퇴진	퇴ː진
퇴진	퉤ː진
튀어나오다	튀어나오다
튀어나오다	튀여나오다
특혜	트켸
특혜	트케
폐	폐ː
폐	페ː
폐기물	폐ː기물
폐기물	페ː기물
폐렴	폐ː렴
폐렴	페ː렴
폐막식	폐ː막씩
폐막식	페ː막씩
폐쇄	폐ː쇄
폐쇄	페ː쇄
폐쇄적	폐ː쇄적
폐쇄적	페ː쇄적
폐수	폐ː수
폐수	페ː수
폐장	폐ː장
폐장	페ː장
폐해	폐ː해
폐해	페ː해
폐허	폐ː허
폐허	페ː허
폐활량	폐ː활량
폐활량	페ː활량
피어나다	피어나다
피어나다	피여나다
피어오르다	피어오르다
피어오르다	피여오르다
핏줄	피쭐
핏줄	핃쭐
학계	학꼐
학계	학께
한의원	하ː늬원
한의원	하ː니원
헛되다	헏뙤다
헛되다	헏뛔다
헛되이	헏뙤이
헛되이	헏뛔이
혐의	혀믜
혐의	혀미
협의	혀븨
협의	혀비
협회	혀푀
협회	혀풰
호되다	호되다
호되다	호뒈다 
호의	호ː의
호의	호ː이
호의적	호ː의적
호의적	호ː이적
회갑	회갑
회갑	훼갑
회갑연	회가변
회갑연	훼가변
회견	회ː견
회견	훼ː견
회계	회ː계
회계	훼ː게
회복세	회복쎄
회복세	훼복쎄
회상	회상
회상	훼상
회수	회수
회수	훼수
회원국	회ː원국
회원국	훼ː원국
회의	회의
회의	훼이
회의적	회의적
회의적	훼이적
회전	회전
회전	훼전
회피	회피
회피	훼피
획기적	획끼적
획기적	훽끼적
획득	획뜩
획득	훽뜩
획일적	회길쩍
획일적	훼길쩍
횡단	횡단
횡단	휑단
횡설수설	횡설수설
횡설수설	휑설수설
후퇴	후ː퇴
후퇴	후ː퉤
